'Danilo Luís Hélio Pereira','Porto','Primeira Liga','1991-09-09',188.0,83.0,'Portugal',27500000.0, '2018-01-01', '2020-01-01'
'Bas Dost','Sporting CP','Primeira Liga','1989-05-31',196.0,89.0,'Netherlands',27000000.0, '2018-01-01', '2020-01-01'
'Rui Pedro dos Santos Patrício','Sporting CP','Primeira Liga','1988-02-15',190.0,84.0,'Portugal',17500000.0, '2018-01-01', '2020-01-01'
'Jonas Gonçalves Oliveira','Benfica','Primeira Liga','1984-04-01',182.0,74.0,'Brazil',16500000.0, '2018-01-01', '2020-01-01'
'Iker Casillas Fernández','Porto','Primeira Liga','1981-05-20',185.0,84.0,'Spain',3500000.0, '2018-01-01', '2020-01-01'
'Felipe Augusto de Almeida Monteiro','Porto','Primeira Liga','1989-05-16',185.0,77.0,'Brazil',18000000.0, '2018-01-01', '2020-01-01'
'Luis Miguel Afonso Fernandes','Benfica','Primeira Liga','1989-10-06',177.0,72.0,'Portugal',23000000.0, '2018-01-01', '2020-01-01'
'Yacine Brahimi','Porto','Primeira Liga','1990-02-08',175.0,66.0,'Algeria',23000000.0, '2018-01-01', '2020-01-01'
'Ljubomir Fejsa','Benfica','Primeira Liga','1988-08-14',183.0,80.0,'Serbia',18000000.0, '2018-01-01', '2020-01-01'
'Gelson Dany Batalha Martins','Sporting CP','Primeira Liga','1995-05-11',173.0,65.0,'Portugal',25000000.0, '2018-01-01', '2020-01-01'
'Sebastián Coates','Sporting CP','Primeira Liga','1990-10-07',196.0,92.0,'Uruguay',18000000.0, '2018-01-01', '2020-01-01'
'Jesús Corona','Porto','Primeira Liga','1993-01-06',173.0,62.0,'Mexico',23000000.0, '2018-01-01', '2020-01-01'
'Alex Nicolao Telles','Porto','Primeira Liga','1992-12-15',181.0,71.0,'Brazil',16000000.0, '2018-01-01', '2020-01-01'
'Ricardo D. Barbosa Pereira','Porto','Primeira Liga','1993-10-06',175.0,70.0,'Portugal',17000000.0, '2018-01-01', '2020-01-01'
'Alejandro Grimaldo García','Benfica','Primeira Liga','1995-09-20',171.0,69.0,'Spain',17500000.0, '2018-01-01', '2020-01-01'
'Eduardo Salvio','Benfica','Primeira Liga','1990-07-13',173.0,77.0,'Argentina',16000000.0, '2018-01-01', '2020-01-01'
'Iván Marcano Sierra','Porto','Primeira Liga','1987-06-23',187.0,77.0,'Spain',11000000.0, '2018-01-01', '2020-01-01'
'Jardel Nivaldo Vieira','Benfica','Primeira Liga','1986-03-29',192.0,87.0,'Brazil',10000000.0, '2018-01-01', '2020-01-01'
'Jérémy Mathieu','Sporting CP','Primeira Liga','1983-10-29',189.0,84.0,'France',6000000.0, '2018-01-01', '2020-01-01'
'Júlio César Soares Espíndola','Benfica','Primeira Liga','1979-09-03',186.0,79.0,'Brazil',1000000.0, '2018-01-01', '2020-01-01'
'Francisco Soares dos Santos','Porto','Primeira Liga','1991-01-17',187.0,82.0,'Brazil',15500000.0, '2018-01-01', '2020-01-01'
'Marcos Acuña','Sporting CP','Primeira Liga','1991-10-28',172.0,69.0,'Argentina',16000000.0, '2018-01-01', '2020-01-01'
'Óliver Torres Muñoz','Porto','Primeira Liga','1994-11-10',175.0,63.0,'Spain',17000000.0, '2018-01-01', '2020-01-01'
'Seydou Doumbia','Sporting CP','Primeira Liga','1987-12-31',179.0,71.0,'Ivory Coast',12500000.0, '2018-01-01', '2020-01-01'
'Héctor Herrera','Porto','Primeira Liga','1990-04-19',183.0,72.0,'Mexico',14000000.0, '2018-01-01', '2020-01-01'
'Anderson Luís da Silva','Benfica','Primeira Liga','1981-02-13',195.0,91.0,'Brazil',1700000.0, '2018-01-01', '2020-01-01'
'Franco Cervi','Benfica','Primeira Liga','1994-05-26',166.0,62.0,'Argentina',14500000.0, '2018-01-01', '2020-01-01'
'Raúl Michel Melo da Silva','Braga','Primeira Liga','1989-11-04',187.0,81.0,'Brazil',10000000.0, '2018-01-01', '2020-01-01'
'Rodrigo Battaglia','Sporting CP','Primeira Liga','1991-07-12',187.0,79.0,'Argentina',12500000.0, '2018-01-01', '2020-01-01'
'Rafael A. Ferreira Silva','Benfica','Primeira Liga','1993-05-17',171.0,66.0,'Portugal',14000000.0, '2018-01-01', '2020-01-01'
'Lisandro López','Benfica','Primeira Liga','1989-09-01',188.0,82.0,'Argentina',10000000.0, '2018-01-01', '2020-01-01'
'Alan Ruiz','Sporting CP','Primeira Liga','1993-08-19',183.0,77.0,'Argentina',14500000.0, '2018-01-01', '2020-01-01'
'Hernâni Jorge Santos Fortes','Porto','Primeira Liga','1991-08-20',178.0,69.0,'Portugal',12500000.0, '2018-01-01', '2020-01-01'
'Iuri José Picanço Medeiros','Sporting CP','Primeira Liga','1994-07-10',174.0,64.0,'Portugal',14500000.0, '2018-01-01', '2020-01-01'
'Bruno Miguel Borges Fernandes','Sporting CP','Primeira Liga','1994-09-08',179.0,69.0,'Portugal',14000000.0, '2018-01-01', '2020-01-01'
'Andreas Samaris','Benfica','Primeira Liga','1989-06-13',189.0,84.0,'Greece',8500000.0, '2018-01-01', '2020-01-01'
'Raúl Jiménez','Benfica','Primeira Liga','1991-05-05',187.0,81.0,'Mexico',12500000.0, '2018-01-01', '2020-01-01'
'José Carlos Coentrão Marafona','Braga','Primeira Liga','1987-05-08',190.0,86.0,'Portugal',6500000.0, '2018-01-01', '2020-01-01'
'André Filipe Brás André','Porto','Primeira Liga','1989-08-26',174.0,65.0,'Portugal',10500000.0, '2018-01-01', '2020-01-01'
'Vincent Aboubakar','Porto','Primeira Liga','1992-01-22',184.0,82.0,'Cameroon',13500000.0, '2018-01-01', '2020-01-01'
'Maximiliano Pereira','Porto','Primeira Liga','1984-06-08',173.0,73.0,'Uruguay',4000000.0, '2018-01-01', '2020-01-01'
'Miguel Layún','Porto','Primeira Liga','1988-06-25',179.0,69.0,'Mexico',8000000.0, '2018-01-01', '2020-01-01'
'Diego Reyes','Porto','Primeira Liga','1992-09-19',189.0,74.0,'Mexico',10000000.0, '2018-01-01', '2020-01-01'
'Marcelo dos Santos Ferreira','Rio Ave','Primeira Liga','1989-07-27',182.0,74.0,'Brazil',7500000.0, '2018-01-01', '2020-01-01'
'Bryan Ruíz','Sporting CP','Primeira Liga','1985-08-18',188.0,78.0,'Costa Rica',8000000.0, '2018-01-01', '2020-01-01'
'André Almeida Pinto','Sporting CP','Primeira Liga','1989-10-05',194.0,86.0,'Portugal',8500000.0, '2018-01-01', '2020-01-01'
'Andrija Živković','Benfica','Primeira Liga','1996-07-11',169.0,70.0,'Serbia',14000000.0, '2018-01-01', '2020-01-01'
'Bruno Miguel Semedo Varela','Benfica','Primeira Liga','1994-11-04',191.0,87.0,'Portugal',9000000.0, '2018-01-01', '2020-01-01'
'Pedro Henrique Pereira da Silva','Vitoria de Guimaraes','Primeira Liga','1992-12-18',190.0,88.0,'Brazil',10000000.0, '2018-01-01', '2020-01-01'
'Fábio Alexandre Silva Coentrão','Sporting CP','Primeira Liga','1988-03-11',179.0,66.0,'Portugal',6500000.0, '2018-01-01', '2020-01-01'
'Ricardo José Araújo Ferreira','Braga','Primeira Liga','1992-11-25',190.0,76.0,'Portugal',10000000.0, '2018-01-01', '2020-01-01'
'Bruno César Zanaki','Sporting CP','Primeira Liga','1988-11-03',177.0,75.0,'Brazil',9000000.0, '2018-01-01', '2020-01-01'
'Raphael Dias Belloli','Vitoria de Guimaraes','Primeira Liga','1996-12-14',176.0,68.0,'Brazil',13000000.0, '2018-01-01', '2020-01-01'
'Moussa Marega','Porto','Primeira Liga','1991-04-14',186.0,83.0,'Mali',9500000.0, '2018-01-01', '2020-01-01'
'Otávio Edmilson da Silva Monteiro','Porto','Primeira Liga','1995-02-09',172.0,71.0,'Brazil',12000000.0, '2018-01-01', '2020-01-01'
'Ricardo Jorge da Luz Horta','Braga','Primeira Liga','1994-09-15',173.0,63.0,'Portugal',11000000.0, '2018-01-01', '2020-01-01'
'João Maria Palhinha Gonçalves','Sporting CP','Primeira Liga','1995-07-09',190.0,82.0,'Portugal',10000000.0, '2018-01-01', '2020-01-01'
'Renan Bardini Bressan','Desportivo das Chaves','Primeira Liga','1988-11-03',182.0,75.0,'Belarus',7500000.0, '2018-01-01', '2020-01-01'
'Wilson Bruno Naval Costa Eduardo','Braga','Primeira Liga','1990-07-08',179.0,73.0,'Portugal',8500000.0, '2018-01-01', '2020-01-01'
'Filip Krovinović','Benfica','Primeira Liga','1995-08-29',175.0,70.0,'Croatia',10500000.0, '2018-01-01', '2020-01-01'
'Gabriel Barbosa Almeida','Benfica','Primeira Liga','1996-08-30',178.0,68.0,'Brazil',12000000.0, '2018-01-01', '2020-01-01'
'Dyego Wilverson Ferreira Sousa','Braga','Primeira Liga','1989-09-14',190.0,83.0,'Brazil',8000000.0, '2018-01-01', '2020-01-01'
'Fábio Santos Martins','Braga','Primeira Liga','1993-07-24',178.0,70.0,'Portugal',10500000.0, '2018-01-01', '2020-01-01'
'Douglas Renato de Jesus','Vitoria de Guimaraes','Primeira Liga','1983-03-09',188.0,87.0,'Brazil',3100000.0, '2018-01-01', '2020-01-01'
'Paolo Hurtado','Vitoria de Guimaraes','Primeira Liga','1990-07-27',176.0,72.0,'Peru',9000000.0, '2018-01-01', '2020-01-01'
'Daniel Castelo Podence','Sporting CP','Primeira Liga','1995-10-21',165.0,58.0,'Portugal',11500000.0, '2018-01-01', '2020-01-01'
'Erdem Şen','Maritimo','Primeira Liga','1989-01-05',180.0,75.0,'Belgium',6000000.0, '2018-01-01', '2020-01-01'
'Ricardo José Monteiro','Rio Ave','Primeira Liga','1983-10-07',188.0,78.0,'Portugal',4500000.0, '2018-01-01', '2020-01-01'
'Cristiano Piccini','Sporting CP','Primeira Liga','1992-09-26',189.0,79.0,'Italy',8500000.0, '2018-01-01', '2020-01-01'
'José Pedro Malheiro de Sá','Porto','Primeira Liga','1993-01-17',192.0,85.0,'Portugal',7500000.0, '2018-01-01', '2020-01-01'
'André Gomes Magalhães Almeida','Benfica','Primeira Liga','1990-09-10',186.0,80.0,'Portugal',7500000.0, '2018-01-01', '2020-01-01'
'Víctor García','Vitoria de Guimaraes','Primeira Liga','1994-06-11',178.0,71.0,'Venezuela',9000000.0, '2018-01-01', '2020-01-01'
'Fransérgio Rodrigues Barbosa','Braga','Primeira Liga','1990-10-18',187.0,82.0,'Brazil',8000000.0, '2018-01-01', '2020-01-01'
'Jonathan Silva','Sporting CP','Primeira Liga','1994-06-29',180.0,75.0,'Argentina',7500000.0, '2018-01-01', '2020-01-01'
'Héldon Augusto Almeida Ramos','Vitoria de Guimaraes','Primeira Liga','1988-11-14',174.0,66.0,'Cape Verde',6500000.0, '2018-01-01', '2020-01-01'
'Francisco Geraldes','Rio Ave','Primeira Liga','1995-04-18',175.0,67.0,'Portugal',10500000.0, '2018-01-01', '2020-01-01'
'André Filipe Luz Horta','Braga','Primeira Liga','1996-11-07',175.0,70.0,'Portugal',10000000.0, '2018-01-01', '2020-01-01'
'Alhassan Wakaso','Vitoria de Guimaraes','Primeira Liga','1992-01-07',180.0,76.0,'Ghana',7500000.0, '2018-01-01', '2020-01-01'
'Paulo Sérgio Mota','Desportivo das Chaves','Primeira Liga','1991-07-13',175.0,70.0,'Portugal',6500000.0, '2018-01-01', '2020-01-01'
'Ahmed Hassan','Braga','Primeira Liga','1993-03-05',191.0,85.0,'Egypt',9000000.0, '2018-01-01', '2020-01-01'
'Nikola Vukčević','Braga','Primeira Liga','1991-12-13',184.0,76.0,'Montenegro',7000000.0, '2018-01-01', '2020-01-01'
'Bruno Daniel Castro Moreira','Nacional','Primeira Liga','1987-09-06',185.0,79.0,'Portugal',6500000.0, '2018-01-01', '2020-01-01'
'Ghislain Konan','Vitoria de Guimaraes','Primeira Liga','1995-12-27',176.0,71.0,'Ivory Coast',8000000.0, '2018-01-01', '2020-01-01'
'Haris Seferović','Benfica','Primeira Liga','1992-02-22',185.0,85.0,'Switzerland',8500000.0, '2018-01-01', '2020-01-01'
'Cássio Albuquerque Anjos','Rio Ave','Primeira Liga','1980-08-12',186.0,79.0,'Brazil',900000.0, '2018-01-01', '2020-01-01'
'Nuno Miguel Sousa Pinto','Vitoria de Setubal','Primeira Liga','1986-08-06',173.0,65.0,'Portugal',4800000.0, '2018-01-01', '2020-01-01'
'Jefferson Nascimento','Braga','Primeira Liga','1988-07-05',176.0,72.0,'Brazil',5500000.0, '2018-01-01', '2020-01-01'
'Salvador José Milhazes Agra','Aves','Primeira Liga','1991-11-11',166.0,61.0,'Portugal',8500000.0, '2018-01-01', '2020-01-01'
'Pedro Filipe Barbosa Moreira','Nacional','Primeira Liga','1992-12-20',170.0,68.0,'Portugal',9000000.0, '2018-01-01', '2020-01-01'
'Ricardo Jorge Novo Nunes','Desportivo das Chaves','Primeira Liga','1982-07-06',188.0,84.0,'Portugal',2700000.0, '2018-01-01', '2020-01-01'
'Mattheus A. Gama de Oliveira','Sporting CP','Primeira Liga','1994-07-07',182.0,76.0,'Brazil',9500000.0, '2018-01-01', '2020-01-01'
'Matheus Lima Magalhães','Braga','Primeira Liga','1992-07-19',187.0,76.0,'Brazil',6500000.0, '2018-01-01', '2020-01-01'
'Djavan da Silva Ferreira','Desportivo das Chaves','Primeira Liga','1987-12-31',184.0,76.0,'Brazil',5000000.0, '2018-01-01', '2020-01-01'
'Welthon Fiel Sampaio','Nacional','Primeira Liga','1992-06-21',180.0,74.0,'Brazil',9000000.0, '2018-01-01', '2020-01-01'
'Radosav Petrović','Sporting CP','Primeira Liga','1989-03-08',193.0,78.0,'Serbia',4600000.0, '2018-01-01', '2020-01-01'
'Danilo Barbosa da Silva','Braga','Primeira Liga','1996-02-28',182.0,86.0,'Brazil',8000000.0, '2018-01-01', '2020-01-01'
'João Miguel Coimbra Aurélio','Vitoria de Guimaraes','Primeira Liga','1988-08-17',182.0,72.0,'Portugal',4400000.0, '2018-01-01', '2020-01-01'
'Guillermo Celis','Vitoria de Guimaraes','Primeira Liga','1993-05-08',178.0,73.0,'Colombia',6500000.0, '2018-01-01', '2020-01-01'
'Marcelo Augusto Ferreira Teixeira','Braga','Primeira Liga','1987-10-13',176.0,69.0,'Brazil',4300000.0, '2018-01-01', '2020-01-01'
'André Geraldes de Barros','Belenenses','Primeira Liga','1991-05-02',181.0,74.0,'Portugal',5500000.0, '2018-01-01', '2020-01-01'
'Matheus Fellipe Costa Pereira','Desportivo das Chaves','Primeira Liga','1996-05-05',175.0,66.0,'Brazil',9500000.0, '2018-01-01', '2020-01-01'
'Renato João Saleiro Santos','Boavista','Primeira Liga','1991-10-05',177.0,75.0,'Portugal',6500000.0, '2018-01-01', '2020-01-01'
'Fabiano Ribeiro de Freitas','Porto','Primeira Liga','1988-02-29',197.0,91.0,'Brazil',3800000.0, '2018-01-01', '2020-01-01'
'Bruno Alexandre Vieira Almeida','Braga','Primeira Liga','1997-12-02',179.0,72.0,'Portugal',9500000.0, '2018-01-01', '2020-01-01'
'Rúben Tiago Rodrigues Ribeiro','Rio Ave','Primeira Liga','1987-08-01',175.0,67.0,'Portugal',5500000.0, '2018-01-01', '2020-01-01'
'Vasco Herculano Cunha Fernandes','Vitoria de Setubal','Primeira Liga','1986-11-12',182.0,76.0,'Portugal',4200000.0, '2018-01-01', '2020-01-01'
'Filipe Augusto Carvalho Souza','Benfica','Primeira Liga','1993-08-12',183.0,80.0,'Brazil',8000000.0, '2018-01-01', '2020-01-01'
'Paulo Henrique Soares dos Santos','Portimonense','Primeira Liga','1994-07-10',166.0,58.0,'Brazil',8500000.0, '2018-01-01', '2020-01-01'
'Jeferson Fernandes Macedo','Desportivo das Chaves','Primeira Liga','1991-07-17',180.0,70.0,'Brazil',6500000.0, '2018-01-01', '2020-01-01'
'Miguel Jesus Rosa','Belenenses','Primeira Liga','1989-01-13',176.0,70.0,'Portugal',5500000.0, '2018-01-01', '2020-01-01'
'Jaílton Alves Miranda','Boavista','Primeira Liga','1989-08-02',181.0,63.0,'Cape Verde',6000000.0, '2018-01-01', '2020-01-01'
'Kléber Laube Pinheiro','Santa Clara','Primeira Liga','1990-05-02',187.0,81.0,'Brazil',6500000.0, '2018-01-01', '2020-01-01'
'Stefan Ristovski','Sporting CP','Primeira Liga','1992-02-12',180.0,72.0,'FYR Macedonia',6000000.0, '2018-01-01', '2020-01-01'
'Sérgio Miguel Relvas de Oliveira','Porto','Primeira Liga','1992-06-02',181.0,72.0,'Portugal',7500000.0, '2018-01-01', '2020-01-01'
'Ousmane Dramé','Moreirense','Primeira Liga','1992-08-25',174.0,70.0,'France',7000000.0, '2018-01-01', '2020-01-01'
'Zainadine Chavango Júnior','Maritimo','Primeira Liga','1988-06-24',178.0,75.0,'Mozambique',4400000.0, '2018-01-01', '2020-01-01'
'Fábio Ricardo Gomes Fonseca','Boavista','Primeira Liga','1985-08-18',171.0,64.0,'Portugal',4800000.0, '2018-01-01', '2020-01-01'
'Nélson Ricardo Rodrigues Lenho','Aves','Primeira Liga','1984-03-22',179.0,75.0,'Portugal',2200000.0, '2018-01-01', '2020-01-01'
'Eduardo Gottardi','Maritimo','Primeira Liga','1985-10-18',193.0,82.0,'Brazil',3400000.0, '2018-01-01', '2020-01-01'
'Romain Salin','Sporting CP','Primeira Liga','1984-07-29',189.0,76.0,'France',3200000.0, '2018-01-01', '2020-01-01'
'Ricardo Sousa Esgaio','Braga','Primeira Liga','1993-05-16',173.0,68.0,'Portugal',6000000.0, '2018-01-01', '2020-01-01'
'Ricardo Jorge Pinto da Silva','Nacional','Primeira Liga','1980-08-19',186.0,78.0,'Cape Verde',750000.0, '2018-01-01', '2020-01-01'
'António José Pinheiro Carvalho','Moreirense','Primeira Liga','1993-01-14',166.0,61.0,'Portugal',7500000.0, '2018-01-01', '2020-01-01'
'Carlos Santos Rodrigues','Aves','Primeira Liga','1995-01-13',183.0,84.0,'Cape Verde',4800000.0, '2018-01-01', '2020-01-01'
'Bruno Manuel Araújo Braga','Aves','Primeira Liga','1983-06-17',181.0,77.0,'Portugal',1900000.0, '2018-01-01', '2020-01-01'
'Giorgi Makaridze','Moreirense','Primeira Liga','1990-03-31',190.0,85.0,'Georgia',2700000.0, '2018-01-01', '2020-01-01'
'Douglas Franco Teixeira','Sporting CP','Primeira Liga','1988-01-12',192.0,80.0,'Netherlands',3100000.0, '2018-01-01', '2020-01-01'
'Ryan Gauld','Aves','Primeira Liga','1995-12-16',169.0,61.0,'Scotland',7000000.0, '2018-01-01', '2020-01-01'
'Clecildo Rafael Martins Ladislau','Vitoria de Guimaraes','Primeira Liga','1989-03-17',177.0,73.0,'Brazil',4099999.9999999995, '2018-01-01', '2020-01-01'
'André Alexandre Carreira Sousa','Belenenses','Primeira Liga','1990-07-09',181.0,78.0,'Portugal',4300000.0, '2018-01-01', '2020-01-01'
'Fábio José Ferreira Pacheco','Maritimo','Primeira Liga','1988-05-26',180.0,73.0,'Portugal',3100000.0, '2018-01-01', '2020-01-01'
'Mateus Galiano da Costa','Boavista','Primeira Liga','1984-06-19',176.0,75.0,'Angola',2400000.0, '2018-01-01', '2020-01-01'
'Idrissa Mandiang','Boavista','Primeira Liga','1984-12-27',189.0,80.0,'Senegal',2300000.0, '2018-01-01', '2020-01-01'
'Muriel Gustavo Becker','Belenenses','Primeira Liga','1987-02-14',190.0,78.0,'Brazil',2600000.0, '2018-01-01', '2020-01-01'
'João José Pereira da Costa','Vitoria de Setubal','Primeira Liga','1992-08-25',170.0,64.0,'Portugal',5500000.0, '2018-01-01', '2020-01-01'
'Ronei Gleison Rodrigues Reis','Belenenses','Primeira Liga','1991-06-26',171.0,67.0,'Brazil',4700000.0, '2018-01-01', '2020-01-01'
'Vitor Hugo Gomes da Silva','Aves','Primeira Liga','1987-12-25',183.0,81.0,'Portugal',3800000.0, '2018-01-01', '2020-01-01'
'David Martins Simão','Boavista','Primeira Liga','1990-05-15',183.0,74.0,'Portugal',4500000.0, '2018-01-01', '2020-01-01'
'Charles Marcelo da Silva','Maritimo','Primeira Liga','1994-02-04',186.0,84.0,'Brazil',4400000.0, '2018-01-01', '2020-01-01'
'Óscar Estupiñán','Vitoria de Guimaraes','Primeira Liga','1996-12-29',182.0,74.0,'Colombia',6000000.0, '2018-01-01', '2020-01-01'
'Alberto Bueno Calvo','Porto','Primeira Liga','1988-03-20',179.0,67.0,'Spain',3900000.0, '2018-01-01', '2020-01-01'
'Mauro Silva Sousa','Braga','Primeira Liga','1990-10-31',177.0,72.0,'Brazil',4000000.0, '2018-01-01', '2020-01-01'
'Hassan Yebda','Belenenses','Primeira Liga','1984-05-14',187.0,82.0,'Algeria',1600000.0, '2018-01-01', '2020-01-01'
'Fábio Miguel Santos Sturgeon','Vitoria de Guimaraes','Primeira Liga','1994-02-04',183.0,76.0,'Portugal',5000000.0, '2018-01-01', '2020-01-01'
'Rúben Rafael Sousa Ferreira','Desportivo das Chaves','Primeira Liga','1990-02-17',183.0,67.0,'Portugal',3700000.0, '2018-01-01', '2020-01-01'
'Peter Etebo','Feirense','Primeira Liga','1995-11-09',176.0,70.0,'Nigeria',6000000.0, '2018-01-01', '2020-01-01'
'Diogo António Cupido Gonçalves','Benfica','Primeira Liga','1997-02-06',177.0,71.0,'Portugal',7000000.0, '2018-01-01', '2020-01-01'
'Paulo Ricardo de Jesús Machado','Aves','Primeira Liga','1986-03-31',174.0,74.0,'Portugal',3400000.0, '2018-01-01', '2020-01-01'
'Patrick De Oliveira Vieira','Vitoria de Setubal','Primeira Liga','1991-01-22',173.0,76.0,'Brazil',3900000.0, '2018-01-01', '2020-01-01'
'Jacinto Muondo Dala','Sporting CP','Primeira Liga','1996-07-13',175.0,65.0,'Angola',7000000.0, '2018-01-01', '2020-01-01'
'Arnaldo Edi Lopes da Silva','Vitoria de Setubal','Primeira Liga','1982-07-07',182.0,75.0,'Portugal',2100000.0, '2018-01-01', '2020-01-01'
'Nuno André da Silva Coelho','Desportivo das Chaves','Primeira Liga','1986-01-07',192.0,82.0,'Portugal',2700000.0, '2018-01-01', '2020-01-01'
'Tobias Pereira Figueiredo','Sporting CP','Primeira Liga','1994-02-02',188.0,84.0,'Portugal',3600000.0, '2018-01-01', '2020-01-01'
'André Filipe Claro de Jesus','Santa Clara','Primeira Liga','1991-03-31',183.0,75.0,'Portugal',3800000.0, '2018-01-01', '2020-01-01'
'Diego Fortunato dos Santos Queiroz','Aves','Primeira Liga','1984-01-14',185.0,80.0,'Brazil',1300000.0, '2018-01-01', '2020-01-01'
'Bruno Araújo dos Santos','Nacional','Primeira Liga','1993-02-07',183.0,79.0,'Brazil',3500000.0, '2018-01-01', '2020-01-01'
'Nuno Miguel Gomes dos Santos','Rio Ave','Primeira Liga','1995-02-13',179.0,73.0,'Portugal',4400000.0, '2018-01-01', '2020-01-01'
'Jorge Costa Pires','Portimonense','Primeira Liga','1981-04-01',176.0,73.0,'Portugal',1100000.0, '2018-01-01', '2020-01-01'
'Adriano Facchini','Aves','Primeira Liga','1983-03-12',187.0,78.0,'Brazil',1300000.0, '2018-01-01', '2020-01-01'
'Ricardo Jorge Oliveira Valente','Maritimo','Primeira Liga','1991-04-03',181.0,76.0,'Portugal',3700000.0, '2018-01-01', '2020-01-01'
'Luís Miguel Coimbra Aurélio','Feirense','Primeira Liga','1988-08-17',179.0,70.0,'Portugal',3100000.0, '2018-01-01', '2020-01-01'
'Gonçalo José Gonçalves Santos','Aves','Primeira Liga','1986-11-15',184.0,79.0,'Portugal',2300000.0, '2018-01-01', '2020-01-01'
'Domingos Sousa Menezes Duarte','Desportivo das Chaves','Primeira Liga','1995-03-03',190.0,78.0,'Portugal',3900000.0, '2018-01-01', '2020-01-01'
'Nuno Henrique Gonçalves Nogueira','Boavista','Primeira Liga','1986-10-19',186.0,75.0,'Portugal',2300000.0, '2018-01-01', '2020-01-01'
'Cláudio Pires de Morais Ramos','Tondela','Primeira Liga','1991-11-16',183.0,85.0,'Portugal',3000000.0, '2018-01-01', '2020-01-01'
'Filipe Miguel Neves Ferreira','Nacional','Primeira Liga','1990-09-09',178.0,72.0,'Portugal',3000000.0, '2018-01-01', '2020-01-01'
'Marco João Costa Baixinho','Nacional','Primeira Liga','1989-07-11',187.0,80.0,'Portugal',2900000.0, '2018-01-01', '2020-01-01'
'Rafael Henrique Assis Cardoso','Braga','Primeira Liga','1990-10-31',170.0,61.0,'Brazil',3100000.0, '2018-01-01', '2020-01-01'
'José Filipe da Silva Moreira','Santa Clara','Primeira Liga','1982-03-20',185.0,83.0,'Portugal',725000.0, '2018-01-01', '2020-01-01'
'José Edgar Andrade da Costa','Maritimo','Primeira Liga','1987-04-14',177.0,78.0,'Portugal',2900000.0, '2018-01-01', '2020-01-01'
'Rafael Garcia Tonioli Defendi','Nacional','Primeira Liga','1983-12-22',191.0,88.0,'Brazil',1600000.0, '2018-01-01', '2020-01-01'
'Hélder Tiago Pinto Moura Guedes','Rio Ave','Primeira Liga','1987-05-07',182.0,76.0,'Portugal',3000000.0, '2018-01-01', '2020-01-01'
'Douglas Pereira dos Santos','Benfica','Primeira Liga','1990-08-06',171.0,60.0,'Brazil',2600000.0, '2018-01-01', '2020-01-01'
'Eber Henrique Ferreira de Bessa','Maritimo','Primeira Liga','1992-03-21',167.0,72.0,'Brazil',3800000.0, '2018-01-01', '2020-01-01'
'Vagner da Silva','Boavista','Primeira Liga','1986-06-06',185.0,79.0,'Brazil',1900000.0, '2018-01-01', '2020-01-01'
'Maurides Roque Junior','Belenenses','Primeira Liga','1994-03-10',188.0,77.0,'Brazil',4300000.0, '2018-01-01', '2020-01-01'
'João Carlos Vilaça Teixeira','Braga','Primeira Liga','1993-01-18',177.0,76.0,'Portugal',4300000.0, '2018-01-01', '2020-01-01'
'Amilton Minervino da Silva','Aves','Primeira Liga','1989-08-12',172.0,68.0,'Brazil',3300000.0, '2018-01-01', '2020-01-01'
'Nuno Miguel Jerónimo Sequeira','Braga','Primeira Liga','1990-08-19',184.0,79.0,'Portugal',2600000.0, '2018-01-01', '2020-01-01'
'Rafael Furlan Soares','Desportivo das Chaves','Primeira Liga','1994-09-20',177.0,75.0,'Brazil',3300000.0, '2018-01-01', '2020-01-01'
'Gonçalo Jardim Brandão','Santa Clara','Primeira Liga','1986-10-09',182.0,76.0,'Portugal',2300000.0, '2018-01-01', '2020-01-01'
'João António Antunes Carvalho','Benfica','Primeira Liga','1997-03-09',170.0,66.0,'Portugal',5500000.0, '2018-01-01', '2020-01-01'
'Judilson Mamadu Tuncara Gomes','Rio Ave','Primeira Liga','1991-09-29',182.0,77.0,'Guinea Bissau',3200000.0, '2018-01-01', '2020-01-01'
'Tiago Henrique Damil Gomes','Feirense','Primeira Liga','1986-07-29',177.0,80.0,'Portugal',2200000.0, '2018-01-01', '2020-01-01'
'Ricardo Miguel Moreira Costa','Tondela','Primeira Liga','1981-05-16',183.0,80.0,'Portugal',425000.0, '2018-01-01', '2020-01-01'
'Tiago Rafael Maia Silva','Feirense','Primeira Liga','1993-06-02',175.0,68.0,'Portugal',4099999.9999999995, '2018-01-01', '2020-01-01'
'Lucas E. Santana de Oliveira','Santa Clara','Primeira Liga','1995-05-06',181.0,79.0,'Brazil',3500000.0, '2018-01-01', '2020-01-01'
'Evanildo Fernandes Gomes','Aves','Primeira Liga','1986-05-01',175.0,63.0,'Brazil',2100000.0, '2018-01-01', '2020-01-01'
'Pedro Nuno Fernandes Ferreira','Tondela','Primeira Liga','1995-01-13',176.0,68.0,'Portugal',3600000.0, '2018-01-01', '2020-01-01'
'Elvis Manuel Monteiro Macedo','Feirense','Primeira Liga','1985-07-27',180.0,74.0,'Cape Verde',2000000.0, '2018-01-01', '2020-01-01'
'Pedro Miguel Pereira Silva','Desportivo das Chaves','Primeira Liga','1988-08-31',182.0,76.0,'Portugal',2400000.0, '2018-01-01', '2020-01-01'
'José Lionn Barbosa de Lucena','Rio Ave','Primeira Liga','1989-01-29',184.0,77.0,'Brazil',1900000.0, '2018-01-01', '2020-01-01'
'André Filipe Carneiro Leal','Nacional','Primeira Liga','1995-08-06',174.0,64.0,'Portugal',3700000.0, '2018-01-01', '2020-01-01'
'Luis Fariña','Aves','Primeira Liga','1991-04-20',177.0,72.0,'Argentina',2900000.0, '2018-01-01', '2020-01-01'
'João Diogo Gomes de Freitas','Belenenses','Primeira Liga','1988-02-28',175.0,69.0,'Portugal',1800000.0, '2018-01-01', '2020-01-01'
'Eduardo José Borges Machado','Boavista','Primeira Liga','1990-04-26',175.0,67.0,'Portugal',2000000.0, '2018-01-01', '2020-01-01'
'João Rafael Brito Teixeira','Vitoria de Setubal','Primeira Liga','1994-02-06',179.0,72.0,'Portugal',3200000.0, '2018-01-01', '2020-01-01'
'João Miguel Macedo da Silva','Vitoria de Guimaraes','Primeira Liga','1995-04-07',188.0,78.0,'Portugal',2300000.0, '2018-01-01', '2020-01-01'
'Vanderley Dias Marinho','Aves','Primeira Liga','1987-12-29',183.0,76.0,'Brazil',2400000.0, '2018-01-01', '2020-01-01'
'Yannick dos Santos Djaló','Vitoria de Setubal','Primeira Liga','1986-05-05',171.0,62.0,'Portugal',2100000.0, '2018-01-01', '2020-01-01'
'Óscar Barreto','Rio Ave','Primeira Liga','1993-04-28',173.0,68.0,'Colombia',3200000.0, '2018-01-01', '2020-01-01'
'Bruno Alexandre Marques Pereirinha','Belenenses','Primeira Liga','1988-03-02',174.0,67.0,'Portugal',1800000.0, '2018-01-01', '2020-01-01'
'Arnold Issoko','Vitoria de Setubal','Primeira Liga','1992-04-06',185.0,79.0,'DR Congo',2400000.0, '2018-01-01', '2020-01-01'
'João Carlos Fonseca Silva','Boavista','Primeira Liga','1989-08-30',180.0,75.0,'Portugal',2000000.0, '2018-01-01', '2020-01-01'
'André Campos Moreira','Braga','Primeira Liga','1995-12-02',194.0,84.0,'Portugal',2600000.0, '2018-01-01', '2020-01-01'
'Sebastián Rincón','Vitoria de Guimaraes','Primeira Liga','1994-01-14',185.0,79.0,'Colombia',3300000.0, '2018-01-01', '2020-01-01'
'Leonardo Ruíz','Boavista','Primeira Liga','1996-04-18',185.0,76.0,'Colombia',3900000.0, '2018-01-01', '2020-01-01'
'André Filipe Ribeiro Leão','Nacional','Primeira Liga','1985-05-20',185.0,72.0,'Portugal',1400000.0, '2018-01-01', '2020-01-01'
'Rafik Halliche','Santa Clara','Primeira Liga','1986-09-02',187.0,77.0,'Algeria',1800000.0, '2018-01-01', '2020-01-01'
'Rúben Miguel Santos Fernandes','Portimonense','Primeira Liga','1986-05-06',185.0,78.0,'Portugal',1600000.0, '2018-01-01', '2020-01-01'
'João Pedro Reis Amaral','Vitoria de Setubal','Primeira Liga','1991-09-07',172.0,65.0,'Portugal',2800000.0, '2018-01-01', '2020-01-01'
'Luis Otavio Bonilha de Oliveira','Vitoria de Setubal','Primeira Liga','1992-02-17',175.0,69.0,'Brazil',2900000.0, '2018-01-01', '2020-01-01'
'João Paulo Dias Fernandes','Braga','Primeira Liga','1992-11-09',187.0,81.0,'Portugal',3100000.0, '2018-01-01', '2020-01-01'
'Bakary Saré','Belenenses','Primeira Liga','1990-04-05',185.0,77.0,'Burkina Faso',2300000.0, '2018-01-01', '2020-01-01'
'Jubal Rocha Mendes Junior','Vitoria de Guimaraes','Primeira Liga','1993-08-29',187.0,80.0,'Brazil',2800000.0, '2018-01-01', '2020-01-01'
'Rodrigo Defendi','Aves','Primeira Liga','1986-06-16',190.0,83.0,'Brazil',1600000.0, '2018-01-01', '2020-01-01'
'Vítor Bruno Ramos Gonçalves','Boavista','Primeira Liga','1990-01-13',171.0,69.0,'Portugal',2000000.0, '2018-01-01', '2020-01-01'
'Luís Miguel Lopes Mendes','Santa Clara','Primeira Liga','1987-04-09',170.0,67.0,'Portugal',1700000.0, '2018-01-01', '2020-01-01'
'Leocísio Júlio Sami','Aves','Primeira Liga','1988-12-18',184.0,76.0,'Guinea Bissau',2400000.0, '2018-01-01', '2020-01-01'
'Hichem Belkaroui','Moreirense','Primeira Liga','1990-08-24',185.0,81.0,'Algeria',2400000.0, '2018-01-01', '2020-01-01'
'Lazar Rosić','Braga','Primeira Liga','1993-06-29',190.0,83.0,'Serbia',2800000.0, '2018-01-01', '2020-01-01'
'Gabriel Airton de Souza','Rio Ave','Primeira Liga','1996-03-29',171.0,61.0,'Brazil',2600000.0, '2018-01-01', '2020-01-01'
'Carlos Filipe Fonseca Chaby','Belenenses','Primeira Liga','1994-01-22',174.0,64.0,'Portugal',2500000.0, '2018-01-01', '2020-01-01'
'Pedro Miguel Cunha Sá','Portimonense','Primeira Liga','1993-12-01',175.0,70.0,'Portugal',2100000.0, '2018-01-01', '2020-01-01'
'Jorge Fernando Barbosa Intima','Desportivo das Chaves','Primeira Liga','1995-09-21',169.0,68.0,'Portugal',3100000.0, '2018-01-01', '2020-01-01'
'Alfa Semedo Esteves','Moreirense','Primeira Liga','1997-08-30',190.0,82.0,'Guinea Bissau',2700000.0, '2018-01-01', '2020-01-01'
'João Miguel Ribeiro Vigário','Vitoria de Guimaraes','Primeira Liga','1995-11-20',181.0,74.0,'Portugal',2100000.0, '2018-01-01', '2020-01-01'
'Bruno Andrade Toledo Nascimento','Feirense','Primeira Liga','1991-05-30',188.0,80.0,'Brazil',1800000.0, '2018-01-01', '2020-01-01'
'Rodrigo Cunha Pereira de Pinho','Maritimo','Primeira Liga','1991-05-30',185.0,79.0,'Brazil',2200000.0, '2018-01-01', '2020-01-01'
'Rui Filipe Caetano Moura','Boavista','Primeira Liga','1993-03-01',177.0,74.0,'Portugal',2000000.0, '2018-01-01', '2020-01-01'
'Victor Andrade Santos','Santa Clara','Primeira Liga','1995-09-30',177.0,70.0,'Brazil',2900000.0, '2018-01-01', '2020-01-01'
'Yazalde Gomes Pinto','Rio Ave','Primeira Liga','1988-09-10',183.0,86.0,'Portugal',1800000.0, '2018-01-01', '2020-01-01'
'Rui Pedro da Silva e Sousa','Boavista','Primeira Liga','1998-03-20',182.0,75.0,'Portugal',3800000.0, '2018-01-01', '2020-01-01'
'António Filipe Norinho de Carvalho','Desportivo das Chaves','Primeira Liga','1985-04-14',186.0,79.0,'Portugal',1000000.0, '2018-01-01', '2020-01-01'
'Luís Carlos Ramos Martins','Maritimo','Primeira Liga','1992-06-10',177.0,67.0,'Portugal',1900000.0, '2018-01-01', '2020-01-01'
'Willyan Da Silva Barbosa','Vitoria de Setubal','Primeira Liga','1994-02-17',169.0,62.0,'Brazil',2400000.0, '2018-01-01', '2020-01-01'
'Vasco André Moreira da Rocha','Nacional','Primeira Liga','1989-01-29',182.0,70.0,'Portugal',1800000.0, '2018-01-01', '2020-01-01'
'Vincent Sasso','Belenenses','Primeira Liga','1991-02-16',190.0,82.0,'France',1800000.0, '2018-01-01', '2020-01-01'
'Hugo André Rodrigues Seco','Feirense','Primeira Liga','1988-06-17',176.0,72.0,'Portugal',1700000.0, '2018-01-01', '2020-01-01'
'Ernest Ohemeng','Moreirense','Primeira Liga','1996-01-17',175.0,65.0,'Ghana',2800000.0, '2018-01-01', '2020-01-01'
'Nélson Macedo Monte','Rio Ave','Primeira Liga','1995-07-30',187.0,78.0,'Portugal',2100000.0, '2018-01-01', '2020-01-01'
'David Texeira','Vitoria de Guimaraes','Primeira Liga','1991-02-27',181.0,80.0,'Uruguay',2200000.0, '2018-01-01', '2020-01-01'
'Diogo Filipe Guerreiro Viana','Belenenses','Primeira Liga','1990-02-22',174.0,68.0,'Portugal',1900000.0, '2018-01-01', '2020-01-01'
'Tiago Manuel Oliveira Mesquita','Boavista','Primeira Liga','1990-11-23',180.0,74.0,'Portugal',1800000.0, '2018-01-01', '2020-01-01'
'Gevorg Ghazaryan','Maritimo','Primeira Liga','1988-04-05',177.0,73.0,'Armenia',1700000.0, '2018-01-01', '2020-01-01'
'Pedro Manuel da Silva Moreira','Rio Ave','Primeira Liga','1989-03-15',182.0,76.0,'Portugal',1800000.0, '2018-01-01', '2020-01-01'
'Allano Brendon de Souza Lima','Santa Clara','Primeira Liga','1995-04-24',182.0,73.0,'Brazil',2600000.0, '2018-01-01', '2020-01-01'
'Ricardo Jorge Rodrigues Pessoa','Portimonense','Primeira Liga','1982-02-05',173.0,68.0,'Portugal',375000.0, '2018-01-01', '2020-01-01'
'João Carlos Reis Graça','Tondela','Primeira Liga','1989-07-02',185.0,77.0,'Portugal',1500000.0, '2018-01-01', '2020-01-01'
'André Micael Pereira','Moreirense','Primeira Liga','1989-02-04',188.0,83.0,'Portugal',1400000.0, '2018-01-01', '2020-01-01'
'Higor Inácio Platiny Rodrigues','Desportivo das Chaves','Primeira Liga','1990-10-02',178.0,71.0,'Brazil',2100000.0, '2018-01-01', '2020-01-01'
'Flávio da Silva Ramos','Feirense','Primeira Liga','1994-05-12',190.0,85.0,'Brazil',2100000.0, '2018-01-01', '2020-01-01'
'Filipe Joaquim Melo Silva','Desportivo das Chaves','Primeira Liga','1989-11-03',189.0,82.0,'Portugal',1700000.0, '2018-01-01', '2020-01-01'
'Arsénio Martins Lafuente Nunes','Moreirense','Primeira Liga','1989-08-30',180.0,72.0,'Portugal',1900000.0, '2018-01-01', '2020-01-01'
'Bruno Viana Willemen Da Silva','Braga','Primeira Liga','1995-02-05',187.0,79.0,'Brazil',2100000.0, '2018-01-01', '2020-01-01'
'Luiz Phellype Luciano Silva','Nacional','Primeira Liga','1993-09-27',188.0,81.0,'Brazil',1500000.0, '2018-01-01', '2020-01-01'
'Bruno Vinícius Souza Ramos','Portimonense','Primeira Liga','1997-03-30',175.0,67.0,'Brazil',1600000.0, '2018-01-01', '2020-01-01'
'Edson Rodrigues Farias','Feirense','Primeira Liga','1992-01-12',170.0,67.0,'Brazil',1300000.0, '2018-01-01', '2020-01-01'
'Juan Tomás Ortuño Martínez','Belenenses','Primeira Liga','1992-02-11',178.0,72.0,'Spain',1300000.0, '2018-01-01', '2020-01-01'
'Florent Hanin','Belenenses','Primeira Liga','1990-02-04',177.0,65.0,'France',975000.0, '2018-01-01', '2020-01-01'
'Pierre Sagna','Moreirense','Primeira Liga','1990-08-21',183.0,76.0,'France',900000.0, '2018-01-01', '2020-01-01'
'Stéphane Sparagna','Boavista','Primeira Liga','1995-02-17',186.0,82.0,'France',1200000.0, '2018-01-01', '2020-01-01'
'Wagner Andrade Borges','Tondela','Primeira Liga','1987-04-03',173.0,70.0,'Brazil',1000000.0, '2018-01-01', '2020-01-01'
'Mário Jorge Quintas Felgueiras','Nacional','Primeira Liga','1986-12-12',186.0,80.0,'Portugal',675000.0, '2018-01-01', '2020-01-01'
'Pedro José da Silva Trigueira','Vitoria de Setubal','Primeira Liga','1988-01-04',192.0,79.0,'Portugal',700000.0, '2018-01-01', '2020-01-01'
'Anastasios Karamanos','Rio Ave','Primeira Liga','1990-09-21',185.0,78.0,'Greece',1300000.0, '2018-01-01', '2020-01-01'
'Hélder José Castro Ferreira','Vitoria de Guimaraes','Primeira Liga','1997-04-05',179.0,70.0,'Portugal',1600000.0, '2018-01-01', '2020-01-01'
'Luís Miguel Vieira da Silva','Nacional','Primeira Liga','1990-10-08',190.0,80.0,'Portugal',1100000.0, '2018-01-01', '2020-01-01'
'Bruno Cristiano Carvalho Santos','Feirense','Primeira Liga','1984-01-17',179.0,70.0,'Portugal',625000.0, '2018-01-01', '2020-01-01'
'Gonçalo Mendes Paciência','Vitoria de Setubal','Primeira Liga','1994-08-01',184.0,80.0,'Portugal',1600000.0, '2018-01-01', '2020-01-01'
'Oriol Rosell Argerich','Portimonense','Primeira Liga','1992-07-07',182.0,74.0,'Spain',1200000.0, '2018-01-01', '2020-01-01'
'Dylan McGowan','Nacional','Primeira Liga','1991-08-06',186.0,80.0,'Australia',1100000.0, '2018-01-01', '2020-01-01'
'Rui Jorge Farto Correia','Nacional','Primeira Liga','1990-08-23',188.0,74.0,'Portugal',1100000.0, '2018-01-01', '2020-01-01'
'Francisco Neto Ramos','Vitoria de Guimaraes','Primeira Liga','1995-04-10',185.0,76.0,'Portugal',1700000.0, '2018-01-01', '2020-01-01'
'William Alves de Oliveira','Desportivo das Chaves','Primeira Liga','1991-12-07',182.0,80.0,'Brazil',1300000.0, '2018-01-01', '2020-01-01'
'Ruben Alexandre Rocha Lima','Moreirense','Primeira Liga','1989-10-03',176.0,72.0,'Portugal',875000.0, '2018-01-01', '2020-01-01'
'Shoya Nakajima','Portimonense','Primeira Liga','1994-08-23',164.0,64.0,'Japan',1500000.0, '2018-01-01', '2020-01-01'
'Alexandre Costa Silva','Vitoria de Guimaraes','Primeira Liga','1997-03-16',177.0,68.0,'Portugal',1600000.0, '2018-01-01', '2020-01-01'
'Pedro Miguel Pereira','Benfica','Primeira Liga','1998-01-22',182.0,72.0,'Portugal',1700000.0, '2018-01-01', '2020-01-01'
'Fábio Diogo Agrela Ferreira','Maritimo','Primeira Liga','1992-07-07',178.0,68.0,'Portugal',1200000.0, '2018-01-01', '2020-01-01'
'Marcos Nascimento Teixeira','Rio Ave','Primeira Liga','1996-06-05',185.0,77.0,'Brazil',1400000.0, '2018-01-01', '2020-01-01'
'Jean Sony Alcenat','Feirense','Primeira Liga','1986-01-23',174.0,67.0,'Haiti',700000.0, '2018-01-01', '2020-01-01'
'Rúben Alves Dias','Benfica','Primeira Liga','1997-05-14',187.0,82.0,'Portugal',1600000.0, '2018-01-01', '2020-01-01'
'Felipe Francisco Macedo','Portimonense','Primeira Liga','1994-03-27',187.0,76.0,'Brazil',1200000.0, '2018-01-01', '2020-01-01'
'António Manuel Pereira Xavier','Nacional','Primeira Liga','1992-07-06',176.0,66.0,'Portugal',1300000.0, '2018-01-01', '2020-01-01'
'Joan Angel Román Ollè','Braga','Primeira Liga','1993-05-18',175.0,70.0,'Spain',1400000.0, '2018-01-01', '2020-01-01'
'António Manuel Fernandes Mendes','Tondela','Primeira Liga','1992-10-23',184.0,84.0,'Portugal',1400000.0, '2018-01-01', '2020-01-01'
'Alexandre Garcia Guedes','Aves','Primeira Liga','1994-02-11',185.0,79.0,'Portugal',1600000.0, '2018-01-01', '2020-01-01'
'Yordan Osorio','Tondela','Primeira Liga','1994-05-10',189.0,77.0,'Venezuela',1300000.0, '2018-01-01', '2020-01-01'
'César Henrique Martins','Vitoria de Setubal','Primeira Liga','1992-12-28',192.0,83.0,'Brazil',1200000.0, '2018-01-01', '2020-01-01'
'Lucas Silva Afonso','Santa Clara','Primeira Liga','1996-03-23',185.0,75.0,'Brazil',1300000.0, '2018-01-01', '2020-01-01'
'Joaquim Manuel Sampaio Silva','Aves','Primeira Liga','1975-11-13',182.0,80.0,'Portugal',70000.0, '2018-01-01', '2020-01-01'
'João Miguel da Cunha Teixeira','Vitoria de Guimaraes','Primeira Liga','1981-08-19',185.0,85.0,'Portugal',250000.0, '2018-01-01', '2020-01-01'
'Mateus da Silva','Nacional','Primeira Liga','1991-08-30',184.0,73.0,'Brazil',1100000.0, '2018-01-01', '2020-01-01'
'Pablo Renan dos Santos','Maritimo','Primeira Liga','1992-03-18',185.0,77.0,'Brazil',950000.0, '2018-01-01', '2020-01-01'
'Falaye Sacko','Vitoria de Guimaraes','Primeira Liga','1995-05-01',179.0,64.0,'Mali',1100000.0, '2018-01-01', '2020-01-01'
'Cristiano Pereira Figueiredo','Vitoria de Setubal','Primeira Liga','1990-11-29',194.0,88.0,'Portugal',750000.0, '2018-01-01', '2020-01-01'
'Jadson Silva de Morais','Portimonense','Primeira Liga','1991-11-05',186.0,80.0,'Brazil',925000.0, '2018-01-01', '2020-01-01'
'Iago Azevedo dos Santos','Moreirense','Primeira Liga','1992-05-22',188.0,85.0,'Brazil',975000.0, '2018-01-01', '2020-01-01'
'Viktor Lundberg','Maritimo','Primeira Liga','1991-03-24',187.0,79.0,'Sweden',1100000.0, '2018-01-01', '2020-01-01'
'Robert Åhman Persson','Belenenses','Primeira Liga','1987-03-26',188.0,84.0,'Sweden',675000.0, '2018-01-01', '2020-01-01'
'Bilel Aouacheria','Moreirense','Primeira Liga','1994-04-02',183.0,74.0,'France',1200000.0, '2018-01-01', '2020-01-01'
'Inácio Carneiro dos Santos','Portimonense','Primeira Liga','1996-01-29',179.0,71.0,'Brazil',1200000.0, '2018-01-01', '2020-01-01'
'Leandro de Lima Silva','Rio Ave','Primeira Liga','1993-09-25',178.0,70.0,'Brazil',1200000.0, '2018-01-01', '2020-01-01'
'Ença Fati','Moreirense','Primeira Liga','1993-08-11',180.0,68.0,'Guinea Bissau',1200000.0, '2018-01-01', '2020-01-01'
'José Diogo Dalot Teixeira','Porto','Primeira Liga','1999-03-18',183.0,71.0,'Portugal',1600000.0, '2018-01-01', '2020-01-01'
'Pedro Filipe Rodrigues','Santa Clara','Primeira Liga','1997-05-20',183.0,75.0,'Portugal',1500000.0, '2018-01-01', '2020-01-01'
'Rafael Eduardo Costa','Moreirense','Primeira Liga','1991-01-19',183.0,79.0,'Brazil',1100000.0, '2018-01-01', '2020-01-01'
'Vasco António Barbosa da Costa','Vitoria de Setubal','Primeira Liga','1991-08-08',184.0,78.0,'Portugal',1100000.0, '2018-01-01', '2020-01-01'
'Martin Chrien','Benfica','Primeira Liga','1995-09-08',182.0,72.0,'Slovakia',1400000.0, '2018-01-01', '2020-01-01'
'Pedro Emanuel Ferreira Sousa','Maritimo','Primeira Liga','1990-09-19',174.0,75.0,'Portugal',750000.0, '2018-01-01', '2020-01-01'
'Dénis Paulo Duarte','Vitoria de Guimaraes','Primeira Liga','1994-05-04',190.0,84.0,'Portugal',1000000.0, '2018-01-01', '2020-01-01'
'Fabrício dos Santos Messias','Portimonense','Primeira Liga','1990-03-28',182.0,75.0,'Brazil',1000000.0, '2018-01-01', '2020-01-01'
'José Pedro Azevedo Ferreira','Aves','Primeira Liga','1987-09-01',180.0,75.0,'Portugal',875000.0, '2018-01-01', '2020-01-01'
'Bruno Gomes Oliveira Conceição','Santa Clara','Primeira Liga','1996-07-19',182.0,75.0,'Brazil',1600000.0, '2018-01-01', '2020-01-01'
'Marko Bakić','Braga','Primeira Liga','1993-11-01',185.0,78.0,'Montenegro',1200000.0, '2018-01-01', '2020-01-01'
'Miguel Filipe Nunes Cardoso','Tondela','Primeira Liga','1994-06-19',176.0,74.0,'Portugal',1300000.0, '2018-01-01', '2020-01-01'
'Wenderson Nascimento Galeno','Porto','Primeira Liga','1997-10-22',182.0,72.0,'Brazil',1500000.0, '2018-01-01', '2020-01-01'
'Anderson Conceição Benedito','Desportivo das Chaves','Primeira Liga','1989-10-24',188.0,81.0,'Brazil',750000.0, '2018-01-01', '2020-01-01'
'Thiago Cardoso','Santa Clara','Primeira Liga','1991-08-04',185.0,82.0,'Brazil',925000.0, '2018-01-01', '2020-01-01'
'Matheus da Cunha Gomes','Santa Clara','Primeira Liga','1996-02-28',170.0,70.0,'Brazil',1500000.0, '2018-01-01', '2020-01-01'
'Cristian Arango','Aves','Primeira Liga','1995-03-09',180.0,78.0,'Colombia',1300000.0, '2018-01-01', '2020-01-01'
'Eduardo Antônio Machado Teixeira','Santa Clara','Primeira Liga','1993-06-07',178.0,73.0,'Brazil',1200000.0, '2018-01-01', '2020-01-01'
'Tiago Galvão da Silva','Desportivo das Chaves','Primeira Liga','1989-08-24',185.0,78.0,'Brazil',925000.0, '2018-01-01', '2020-01-01'
'Ronaldo Peña','Moreirense','Primeira Liga','1997-03-10',183.0,78.0,'Venezuela',1300000.0, '2018-01-01', '2020-01-01'
'Gian dos Santos Martins','Nacional','Primeira Liga','1993-04-02',184.0,74.0,'Brazil',1100000.0, '2018-01-01', '2020-01-01'
'Junior Tallo','Vitoria de Guimaraes','Primeira Liga','1992-12-21',185.0,77.0,'Ivory Coast',1200000.0, '2018-01-01', '2020-01-01'
'Alfredo Kulembe Ribeiro','Belenenses','Primeira Liga','1990-03-27',170.0,68.0,'Angola',950000.0, '2018-01-01', '2020-01-01'
'Washington Santana da Silva','Aves','Primeira Liga','1989-01-20',183.0,79.0,'Brazil',725000.0, '2018-01-01', '2020-01-01'
'Luis Henrique Farinhas Taffner','Feirense','Primeira Liga','1998-03-17',184.0,81.0,'Brazil',1400000.0, '2018-01-01', '2020-01-01'
'Bruno Martins Teles','Rio Ave','Primeira Liga','1986-05-01',183.0,77.0,'Brazil',575000.0, '2018-01-01', '2020-01-01'
'Wallyson Teixeira Mallmann','Sporting CP','Primeira Liga','1994-02-16',183.0,77.0,'Brazil',1300000.0, '2018-01-01', '2020-01-01'
'Hélder Luís Vieira Tavares','Tondela','Primeira Liga','1989-12-26',178.0,73.0,'Portugal',1000000.0, '2018-01-01', '2020-01-01'
'Gonçalo Filipe Oliveira Silva','Belenenses','Primeira Liga','1991-06-04',185.0,80.0,'Portugal',900000.0, '2018-01-01', '2020-01-01'
'Ângelo Pelegrinelli Neto','Moreirense','Primeira Liga','1991-09-02',181.0,68.0,'Brazil',1100000.0, '2018-01-01', '2020-01-01'
'Tiago David Janeiro Caeiro','Belenenses','Primeira Liga','1984-03-29',192.0,84.0,'Portugal',575000.0, '2018-01-01', '2020-01-01'
'Luis Felipe Dias do Nascimento','Vitoria de Setubal','Primeira Liga','1991-04-08',178.0,74.0,'Brazil',875000.0, '2018-01-01', '2020-01-01'
'Diego Luiz Siqueira Medeiros','Nacional','Primeira Liga','1993-03-28',187.0,75.0,'Brazil',1200000.0, '2018-01-01', '2020-01-01'
'Pedro Miguel Barbosa Queirós','Desportivo das Chaves','Primeira Liga','1984-08-08',180.0,73.0,'Portugal',500000.0, '2018-01-01', '2020-01-01'
'Roberto Jesus Machado Beto Alves','Maritimo','Primeira Liga','1990-01-01',174.0,70.0,'Brazil',700000.0, '2018-01-01', '2020-01-01'
'Luís Miguel Vieira Machado','Feirense','Primeira Liga','1992-11-04',168.0,62.0,'Portugal',1000000.0, '2018-01-01', '2020-01-01'
'Wilson Miguéis Manafá Jancó','Portimonense','Primeira Liga','1994-07-23',174.0,69.0,'Portugal',1200000.0, '2018-01-01', '2020-01-01'
'Heliardo Vieira da Silva','Tondela','Primeira Liga','1991-12-14',190.0,84.0,'Brazil',975000.0, '2018-01-01', '2020-01-01'
'Paulo Jorge Pedro Lopes','Benfica','Primeira Liga','1978-06-29',184.0,76.0,'Portugal',50000.0, '2018-01-01', '2020-01-01'
'Jesús Hernández','Belenenses','Primeira Liga','1993-01-06',182.0,80.0,'Venezuela',1000000.0, '2018-01-01', '2020-01-01'
'Marcos André Costa Valente','Vitoria de Guimaraes','Primeira Liga','1994-02-04',196.0,90.0,'Portugal',900000.0, '2018-01-01', '2020-01-01'
'Jefferson De Jesus Santos','Desportivo das Chaves','Primeira Liga','1993-04-14',192.0,85.0,'Brazil',750000.0, '2018-01-01', '2020-01-01'
'José Valencia','Feirense','Primeira Liga','1991-12-18',185.0,82.0,'Colombia',1000000.0, '2018-01-01', '2020-01-01'
'Bruno André Freitas Monteiro','Tondela','Primeira Liga','1984-10-05',177.0,72.0,'Portugal',575000.0, '2018-01-01', '2020-01-01'
'Ricardo Abel Barbosa Ferreira','Portimonense','Primeira Liga','1989-12-03',188.0,82.0,'Portugal',600000.0, '2018-01-01', '2020-01-01'
'Mateusz Zachara','Tondela','Primeira Liga','1990-03-27',180.0,75.0,'Poland',825000.0, '2018-01-01', '2020-01-01'
'Abenego Tembeng','Tondela','Primeira Liga','1991-09-13',188.0,80.0,'Cameroon',800000.0, '2018-01-01', '2020-01-01'
'Alan Eduardo Schons','Moreirense','Primeira Liga','1993-05-24',180.0,74.0,'Brazil',1000000.0, '2018-01-01', '2020-01-01'
'Joaquim Claude Gonçalves Araújo','Tondela','Primeira Liga','1994-04-09',174.0,68.0,'Portugal',925000.0, '2018-01-01', '2020-01-01'
'Mama Samba Baldé','Aves','Primeira Liga','1995-11-06',181.0,75.0,'Guinea Bissau',975000.0, '2018-01-01', '2020-01-01'
'Miguel Aires Fernandes Olivera','Vitoria de Guimaraes','Primeira Liga','1994-05-25',196.0,98.0,'Portugal',700000.0, '2018-01-01', '2020-01-01'
'Sueliton Florêncio Nogueira','Vitoria de Guimaraes','Primeira Liga','1991-06-26',184.0,78.0,'Brazil',775000.0, '2018-01-01', '2020-01-01'
'Robert Murić','Braga','Primeira Liga','1996-03-12',180.0,72.0,'Croatia',1100000.0, '2018-01-01', '2020-01-01'
'Yuri Oliveira Ribeiro','Rio Ave','Primeira Liga','1997-01-24',175.0,74.0,'Portugal',1100000.0, '2018-01-01', '2020-01-01'
'Piqueti Djassi Brito Silva','Maritimo','Primeira Liga','1993-02-12',173.0,72.0,'Guinea Bissau',1000000.0, '2018-01-01', '2020-01-01'
'Fernando Manuel Ferreira Fonseca','Santa Clara','Primeira Liga','1997-03-14',182.0,75.0,'Portugal',1100000.0, '2018-01-01', '2020-01-01'
'Sérgio Filipe da Silva Barge','Feirense','Primeira Liga','1984-01-04',174.0,69.0,'Portugal',290000.0, '2018-01-01', '2020-01-01'
'Charalampos Kyriakou','Santa Clara','Primeira Liga','1995-02-09',180.0,74.0,'Cyprus',975000.0, '2018-01-01', '2020-01-01'
'Cláudio Falcão Santos','Aves','Primeira Liga','1994-07-03',170.0,62.0,'Brazil',1000000.0, '2018-01-01', '2020-01-01'
'Rafael Leme Amorim','Tondela','Primeira Liga','1987-07-30',196.0,85.0,'Brazil',600000.0, '2018-01-01', '2020-01-01'
'Tyler Boyd','Tondela','Primeira Liga','1994-12-30',170.0,74.0,'New Zealand',1000000.0, '2018-01-01', '2020-01-01'
'Iván Bulos','Boavista','Primeira Liga','1993-05-20',186.0,82.0,'Peru',1000000.0, '2018-01-01', '2020-01-01'
'Joel António Soares Ferreira','Santa Clara','Primeira Liga','1992-01-10',180.0,72.0,'Portugal',825000.0, '2018-01-01', '2020-01-01'
'Marco António Garcia Pinto','Aves','Primeira Liga','1988-03-22',181.0,76.0,'Portugal',525000.0, '2018-01-01', '2020-01-01'
'José Vítor Moreira Semedo','Vitoria de Setubal','Primeira Liga','1985-01-11',181.0,80.0,'Portugal',450000.0, '2018-01-01', '2020-01-01'
'Luís Carlos Rocha Rodrigues','Feirense','Primeira Liga','1986-08-13',186.0,85.0,'Portugal',575000.0, '2018-01-01', '2020-01-01'
'Chris Willock','Benfica','Primeira Liga','1998-01-31',178.0,67.0,'England',1600000.0, '2018-01-01', '2020-01-01'
'David Dias Resende Bruno','Tondela','Primeira Liga','1992-02-14',175.0,69.0,'Portugal',675000.0, '2018-01-01', '2020-01-01'
'Robson Januario de Paula','Boavista','Primeira Liga','1994-02-14',181.0,73.0,'Brazil',750000.0, '2018-01-01', '2020-01-01'
'Héctor Quiñones','Nacional','Primeira Liga','1992-03-17',178.0,70.0,'Colombia',675000.0, '2018-01-01', '2020-01-01'
'Jorge Samuel Fernandes','Tondela','Primeira Liga','1996-01-30',167.0,60.0,'Portugal',1000000.0, '2018-01-01', '2020-01-01'
'João Paulo Santos da Costa','Porto','Primeira Liga','1996-02-02',185.0,78.0,'Portugal',800000.0, '2018-01-01', '2020-01-01'
'Bernardo Oliveira Dias','Belenenses','Primeira Liga','1997-01-04',175.0,66.0,'Portugal',1000000.0, '2018-01-01', '2020-01-01'
'Antonio Briseño','Feirense','Primeira Liga','1994-02-05',184.0,72.0,'Mexico',725000.0, '2018-01-01', '2020-01-01'
'Bruno Ricardo Valdez Wilson','Braga','Primeira Liga','1996-12-27',192.0,86.0,'Portugal',825000.0, '2018-01-01', '2020-01-01'
'João Vasco Santos de Miranda','Tondela','Primeira Liga','1994-12-26',180.0,75.0,'Portugal',925000.0, '2018-01-01', '2020-01-01'
'Gildo Lourenço Vilanculos','Maritimo','Primeira Liga','1995-01-31',171.0,64.0,'Mozambique',900000.0, '2018-01-01', '2020-01-01'
'Tomás Martins Podstawski','Vitoria de Setubal','Primeira Liga','1995-01-30',180.0,72.0,'Portugal',900000.0, '2018-01-01', '2020-01-01'
'Abner Felipe Souza de Almeida','Santa Clara','Primeira Liga','1996-05-30',175.0,75.0,'Brazil',1000000.0, '2018-01-01', '2020-01-01'
'Aymen Tahar','Boavista','Primeira Liga','1989-10-02',176.0,70.0,'Algeria',550000.0, '2018-01-01', '2020-01-01'
'Pedro Miguel Silva Rocha','Aves','Primeira Liga','1985-03-06',175.0,72.0,'Portugal',350000.0, '2018-01-01', '2020-01-01'
'Pedro Filipe Tinoco Monteiro','Santa Clara','Primeira Liga','1994-01-30',192.0,85.0,'Portugal',775000.0, '2018-01-01', '2020-01-01'
'Luís Pedro Pinto Trabulo','Tondela','Primeira Liga','1994-08-22',189.0,76.0,'Portugal',750000.0, '2018-01-01', '2020-01-01'
'Victor Guilherme Massaia','Desportivo das Chaves','Primeira Liga','1992-02-09',190.0,85.0,'Brazil',650000.0, '2018-01-01', '2020-01-01'
'João Pedro Pereira Silva','Feirense','Primeira Liga','1990-05-21',187.0,77.0,'Portugal',750000.0, '2018-01-01', '2020-01-01'
'João Duarte Teixeira Góis','Nacional','Primeira Liga','1990-05-05',174.0,66.0,'Portugal',600000.0, '2018-01-01', '2020-01-01'
'José Cleylton Santos','Belenenses','Primeira Liga','1993-03-19',190.0,90.0,'Brazil',700000.0, '2018-01-01', '2020-01-01'
'Nick Ansell','Tondela','Primeira Liga','1994-02-02',186.0,84.0,'Australia',750000.0, '2018-01-01', '2020-01-01'
'Pedro Manuel da Mota Pinto','Vitoria de Setubal','Primeira Liga','1994-11-08',187.0,78.0,'Portugal',700000.0, '2018-01-01', '2020-01-01'
'Diogo Filipe Rocha Costa','Boavista','Primeira Liga','1995-05-03',169.0,68.0,'Portugal',950000.0, '2018-01-01', '2020-01-01'
'Edilson Alberto Sanches Borges','Maritimo','Primeira Liga','1995-01-17',185.0,79.0,'Cape Verde',825000.0, '2018-01-01', '2020-01-01'
'Lucas Possignolo','Portimonense','Primeira Liga','1994-05-11',185.0,79.0,'Brazil',650000.0, '2018-01-01', '2020-01-01'
'Carlos Anastácio Henriques','Portimonense','Primeira Liga','1993-07-07',185.0,78.0,'Portugal',525000.0, '2018-01-01', '2020-01-01'
'Merlin Tandjigora','Belenenses','Primeira Liga','1990-04-06',172.0,68.0,'Gabon',450000.0, '2018-01-01', '2020-01-01'
'Manuel David Afonso','Sporting CP','Primeira Liga','1994-03-03',185.0,71.0,'Angola',750000.0, '2018-01-01', '2020-01-01'
'Assis Giovanaz','Boavista','Primeira Liga','1989-10-04',187.0,92.0,'Brazil',375000.0, '2018-01-01', '2020-01-01'
'Ewerton da Silva Pereira','Portimonense','Primeira Liga','1992-12-01',179.0,69.0,'Brazil',575000.0, '2018-01-01', '2020-01-01'
'Ahmed Sayed','Moreirense','Primeira Liga','1996-01-10',174.0,67.0,'Egypt',825000.0, '2018-01-01', '2020-01-01'
'Chidera Ezeh','Portimonense','Primeira Liga','1997-10-02',186.0,69.0,'Nigeria',775000.0, '2018-01-01', '2020-01-01'
'Davidson da Luz Pereira','Desportivo das Chaves','Primeira Liga','1991-03-05',177.0,70.0,'Brazil',575000.0, '2018-01-01', '2020-01-01'
'Diogo Lucas Queirós','Porto','Primeira Liga','1999-01-05',185.0,80.0,'Portugal',850000.0, '2018-01-01', '2020-01-01'
'Jorman Aguilar','Santa Clara','Primeira Liga','1994-09-11',181.0,71.0,'Panama',750000.0, '2018-01-01', '2020-01-01'
'Rui Pedro Coimbra Chaves','Tondela','Primeira Liga','1990-09-11',189.0,79.0,'Portugal',525000.0, '2018-01-01', '2020-01-01'
'Jean Cleber Santos da Silva','Maritimo','Primeira Liga','1990-04-29',180.0,80.0,'Brazil',450000.0, '2018-01-01', '2020-01-01'
'João Filipe Couto Patrão','Desportivo das Chaves','Primeira Liga','1990-01-22',175.0,69.0,'Portugal',600000.0, '2018-01-01', '2020-01-01'
'Pedro José Moreira da Silva','Sporting CP','Primeira Liga','1997-02-13',189.0,76.0,'Portugal',775000.0, '2018-01-01', '2020-01-01'
'Jacob Adebanjo','Vitoria de Setubal','Primeira Liga','1993-09-05',184.0,78.0,'Nigeria',625000.0, '2018-01-01', '2020-01-01'
'Alejandro Rodríguez Gorrín','Boavista','Primeira Liga','1993-08-01',177.0,70.0,'Spain',700000.0, '2018-01-01', '2020-01-01'
'Lumor Agbenyenu','Portimonense','Primeira Liga','1996-08-10',175.0,70.0,'Ghana',850000.0, '2018-01-01', '2020-01-01'
'Everton Nascim. de Mendonça','Maritimo','Primeira Liga','1993-07-03',186.0,81.0,'Brazil',700000.0, '2018-01-01', '2020-01-01'
'Rui Gabriel Pinheiro Vieira','Rio Ave','Primeira Liga','1991-11-13',189.0,83.0,'Portugal',475000.0, '2018-01-01', '2020-01-01'
'Ricardo Baleia Janota','Tondela','Primeira Liga','1987-03-10',190.0,86.0,'Portugal',350000.0, '2018-01-01', '2020-01-01'
'Mohamed Abarhoun','Moreirense','Primeira Liga','1989-05-03',187.0,75.0,'Morocco',450000.0, '2018-01-01', '2020-01-01'
'João Pedro Salazar da Graça','Feirense','Primeira Liga','1995-06-18',177.0,70.0,'Portugal',775000.0, '2018-01-01', '2020-01-01'
'Francisco Loureiro Afonso','Nacional','Primeira Liga','1997-04-24',176.0,69.0,'Portugal',750000.0, '2018-01-01', '2020-01-01'
'Rodrigo Alves Soares','Aves','Primeira Liga','1992-12-26',176.0,71.0,'Brazil',625000.0, '2018-01-01', '2020-01-01'
'Jhonatan Luiz Siqueira','Moreirense','Primeira Liga','1991-05-08',189.0,79.0,'Brazil',450000.0, '2018-01-01', '2020-01-01'
'Nuno Miguel Adro Tomás','Belenenses','Primeira Liga','1995-09-15',184.0,84.0,'Portugal',575000.0, '2018-01-01', '2020-01-01'
'Frédéric Ferreira Maciel','Moreirense','Primeira Liga','1994-03-15',175.0,65.0,'Portugal',750000.0, '2018-01-01', '2020-01-01'
'Wesley Dias Dias Claudino','Santa Clara','Primeira Liga','1995-06-22',178.0,68.0,'Brazil',650000.0, '2018-01-01', '2020-01-01'
'Ibson Pereira de Melo','Maritimo','Primeira Liga','1989-10-08',179.0,74.0,'Brazil',575000.0, '2018-01-01', '2020-01-01'
'Wilmar Jordán','Desportivo das Chaves','Primeira Liga','1990-10-17',181.0,85.0,'Colombia',675000.0, '2018-01-01', '2020-01-01'
'Filipe Santos Oliveira','Maritimo','Primeira Liga','1994-04-21',193.0,78.0,'Portugal',725000.0, '2018-01-01', '2020-01-01'
'Emmanuel Hackman','Portimonense','Primeira Liga','1995-05-14',187.0,76.0,'Ghana',525000.0, '2018-01-01', '2020-01-01'
'Gustavo H. Barbosa Freire','Santa Clara','Primeira Liga','1996-01-11',179.0,70.0,'Brazil',675000.0, '2018-01-01', '2020-01-01'
'Luís Carlos Santos Ribeiro','Santa Clara','Primeira Liga','1992-04-19',187.0,81.0,'Portugal',425000.0, '2018-01-01', '2020-01-01'
'Ricardo Samuel Cruz Moura','Tondela','Primeira Liga','1988-12-14',184.0,76.0,'Portugal',325000.0, '2018-01-01', '2020-01-01'
'Christian Neiva Afonso','Feirense','Primeira Liga','1994-12-10',181.0,74.0,'Portugal',675000.0, '2018-01-01', '2020-01-01'
'Ricardo José da Silva Fernandes','Belenenses','Primeira Liga','1994-10-28',193.0,79.0,'Portugal',400000.0, '2018-01-01', '2020-01-01'
'Koffi Kouao','Moreirense','Primeira Liga','1998-05-20',173.0,65.0,'Ivory Coast',650000.0, '2018-01-01', '2020-01-01'
'João Guilherme Gonçalves de Sousa','Moreirense','Primeira Liga','1995-05-13',190.0,78.0,'Portugal',625000.0, '2018-01-01', '2020-01-01'
'Ricardo Clarke','Boavista','Primeira Liga','1992-09-27',180.0,75.0,'Panama',600000.0, '2018-01-01', '2020-01-01'
'Diogo Filipe Pinto Leite','Porto','Primeira Liga','1999-01-23',188.0,73.0,'Portugal',850000.0, '2018-01-01', '2020-01-01'
'Awer Mabil','Nacional','Primeira Liga','1995-09-15',179.0,73.0,'Australia',700000.0, '2018-01-01', '2020-01-01'
'Fahd Moufi','Tondela','Primeira Liga','1996-05-05',175.0,70.0,'Morocco',575000.0, '2018-01-01', '2020-01-01'
'Erick de Arruda Serafim','Braga','Primeira Liga','1997-12-10',173.0,65.0,'Brazil',775000.0, '2018-01-01', '2020-01-01'
'Wellington Nascimento Carvalho','Portimonense','Primeira Liga','1992-11-21',182.0,67.0,'Brazil',600000.0, '2018-01-01', '2020-01-01'
'Gustavo Hebling de Aguiar','Portimonense','Primeira Liga','1996-04-05',173.0,66.0,'Brazil',700000.0, '2018-01-01', '2020-01-01'
'Alex Kakuba','Feirense','Primeira Liga','1991-06-12',177.0,72.0,'Uganda',450000.0, '2018-01-01', '2020-01-01'
'João Pedro da Costa Gamboa','Maritimo','Primeira Liga','1996-08-31',187.0,80.0,'Portugal',725000.0, '2018-01-01', '2020-01-01'
'Nikola Maraš','Desportivo das Chaves','Primeira Liga','1997-12-19',186.0,78.0,'Serbia',700000.0, '2018-01-01', '2020-01-01'
'Moreto Moro Cassamá','Porto','Primeira Liga','1998-02-16',165.0,55.0,'Portugal',950000.0, '2018-01-01', '2020-01-01'
'Fabricio Santos de Jesus','Maritimo','Primeira Liga','1992-06-13',177.0,75.0,'Brazil',500000.0, '2018-01-01', '2020-01-01'
'Murilo Oliveira de Freitas','Tondela','Primeira Liga','1996-05-12',174.0,67.0,'Brazil',725000.0, '2018-01-01', '2020-01-01'
'Sandro Rafael Veiga Cunha','Vitoria de Setubal','Primeira Liga','1992-04-30',166.0,58.0,'Portugal',550000.0, '2018-01-01', '2020-01-01'
'Leonardo Navacchio','Portimonense','Primeira Liga','1992-12-28',189.0,77.0,'Brazil',450000.0, '2018-01-01', '2020-01-01'
'André Alexandre Antunes Pedrosa','Vitoria de Setubal','Primeira Liga','1997-04-12',185.0,70.0,'Portugal',725000.0, '2018-01-01', '2020-01-01'
'Caio Gobbo Secco','Feirense','Primeira Liga','1990-12-22',192.0,88.0,'Brazil',375000.0, '2018-01-01', '2020-01-01'
'Sunday Abalo','Rio Ave','Primeira Liga','1995-05-14',180.0,72.0,'Ghana',550000.0, '2018-01-01', '2020-01-01'
'Gustavo Ermel','Feirense','Primeira Liga','1995-03-29',165.0,64.0,'Brazil',700000.0, '2018-01-01', '2020-01-01'
'Gilson Sequeira da Costa','Boavista','Primeira Liga','1996-09-24',183.0,77.0,'Portugal',650000.0, '2018-01-01', '2020-01-01'
'Nuno Alberto Macedo Pereira','Moreirense','Primeira Liga','1999-05-29',184.0,78.0,'Portugal',375000.0, '2018-01-01', '2020-01-01'
'João Tavares Almeida','Feirense','Primeira Liga','1998-12-12',175.0,70.0,'Portugal',575000.0, '2018-01-01', '2020-01-01'
'Raphael Spiegel','Boavista','Primeira Liga','1992-12-19',196.0,88.0,'Switzerland',375000.0, '2018-01-01', '2020-01-01'
'Marcel Alves Pereira','Portimonense','Primeira Liga','1992-10-16',187.0,79.0,'Brazil',425000.0, '2018-01-01', '2020-01-01'
'Theodoros Ryuki Panagopoulos','Portimonense','Primeira Liga','1995-07-31',179.0,73.0,'Japan',600000.0, '2018-01-01', '2020-01-01'
'Michał Miśkiewicz','Feirense','Primeira Liga','1989-01-20',194.0,92.0,'Poland',300000.0, '2018-01-01', '2020-01-01'
'Dener Gomes Clemente','Portimonense','Primeira Liga','1992-03-13',185.0,76.0,'Brazil',450000.0, '2018-01-01', '2020-01-01'
'Diogo Leite de Sousa','Vitoria de Setubal','Primeira Liga','1993-08-08',176.0,67.0,'Portugal',425000.0, '2018-01-01', '2020-01-01'
'Bruno da Silva Fonseca','Moreirense','Primeira Liga','1992-09-14',180.0,73.0,'Brazil',400000.0, '2018-01-01', '2020-01-01'
'Francisco Simões Rodrigues','Vitoria de Guimaraes','Primeira Liga','1997-02-27',180.0,73.0,'Portugal',525000.0, '2018-01-01', '2020-01-01'
'Filipe José Lima Mendes','Belenenses','Primeira Liga','1985-06-17',194.0,88.0,'Portugal',210000.0, '2018-01-01', '2020-01-01'
'Junior Pius','Tondela','Primeira Liga','1995-12-20',193.0,86.0,'Nigeria',500000.0, '2018-01-01', '2020-01-01'
'José Pedro Costa Leite','Feirense','Primeira Liga','1997-01-12',175.0,69.0,'Portugal',600000.0, '2018-01-01', '2020-01-01'
'Hamdou Elhouni','Desportivo das Chaves','Primeira Liga','1994-02-12',175.0,67.0,'Libya',525000.0, '2018-01-01', '2020-01-01'
'Bruno Edgar Silva Almeida','Moreirense','Primeira Liga','1994-03-18',189.0,77.0,'Brazil',475000.0, '2018-01-01', '2020-01-01'
'Eliseu Mendja Soares Cassamá','Rio Ave','Primeira Liga','1994-02-06',184.0,74.0,'Guinea Bissau',425000.0, '2018-01-01', '2020-01-01'
'Raphael Rossi Branco','Boavista','Primeira Liga','1990-07-25',188.0,84.0,'Brazil',350000.0, '2018-01-01', '2020-01-01'
'Dráusio Luis Salia Gil','Maritimo','Primeira Liga','1991-08-21',188.0,86.0,'Brazil',400000.0, '2018-01-01', '2020-01-01'
'Kelechi John','Rio Ave','Primeira Liga','1998-09-07',186.0,74.0,'Nigeria',525000.0, '2018-01-01', '2020-01-01'
'Jhonder Cádiz','Moreirense','Primeira Liga','1995-07-29',191.0,74.0,'Venezuela',550000.0, '2018-01-01', '2020-01-01'
'Cristiano Castro Gomes','Maritimo','Primeira Liga','1994-08-05',185.0,76.0,'Portugal',425000.0, '2018-01-01', '2020-01-01'
'Mile Svilar','Benfica','Primeira Liga','1999-08-27',188.0,82.0,'Belgium',600000.0, '2018-01-01', '2020-01-01'
'Thierry Ramos Graça','Santa Clara','Primeira Liga','1995-01-27',194.0,87.0,'Cape Verde',425000.0, '2018-01-01', '2020-01-01'
'Aidi Fulang Xisi','Boavista','Primeira Liga','1990-12-17',181.0,75.0,'China PR',350000.0, '2018-01-01', '2020-01-01'
'João Paulo Silva Pinho','Nacional','Primeira Liga','1992-04-30',185.0,80.0,'Portugal',280000.0, '2018-01-01', '2020-01-01'
'Hendrio Araujo da Silva','Nacional','Primeira Liga','1994-05-16',181.0,74.0,'Brazil',425000.0, '2018-01-01', '2020-01-01'
'Duarte Beirão Valente','Santa Clara','Primeira Liga','1999-11-02',182.0,75.0,'Portugal',600000.0, '2018-01-01', '2020-01-01'
'João Pedro Barradas Novais','Rio Ave','Primeira Liga','1993-07-10',179.0,73.0,'Portugal',400000.0, '2018-01-01', '2020-01-01'
'Aylton Filipe Boa Morte','Santa Clara','Primeira Liga','1993-09-23',182.0,75.0,'Portugal',425000.0, '2018-01-01', '2020-01-01'
'André Manuel Nogueira Sousa','Nacional','Primeira Liga','1997-07-16',175.0,67.0,'Portugal',475000.0, '2018-01-01', '2020-01-01'
'Amir Abedzadeh','Maritimo','Primeira Liga','1993-04-26',186.0,86.0,'Iran',290000.0, '2018-01-01', '2020-01-01'
'Emanuel Rodrigues Novo','Desportivo das Chaves','Primeira Liga','1992-08-26',191.0,84.0,'Portugal',290000.0, '2018-01-01', '2020-01-01'
'Miguel Serrano Romão Lázaro','Vitoria de Setubal','Primeira Liga','1995-04-24',193.0,79.0,'Portugal',300000.0, '2018-01-01', '2020-01-01'
'Pedro Pinho Marques','Nacional','Primeira Liga','1998-03-18',180.0,65.0,'Portugal',425000.0, '2018-01-01', '2020-01-01'
'Marco Aurélio Ribeiro Sousa','Nacional','Primeira Liga','1995-01-29',185.0,70.0,'Portugal',300000.0, '2018-01-01', '2020-01-01'
'Federico Falcone','Aves','Primeira Liga','1990-02-21',188.0,79.0,'Argentina',325000.0, '2018-01-01', '2020-01-01'
'Rafael Broetto Henrique','Maritimo','Primeira Liga','1990-08-18',195.0,87.0,'Brazil',250000.0, '2018-01-01', '2020-01-01'
'Yusupha Njie','Boavista','Primeira Liga','1994-01-03',188.0,78.0,'Gambia',400000.0, '2018-01-01', '2020-01-01'
'Flavio Medeiros da Silva','Boavista','Primeira Liga','1996-02-10',177.0,73.0,'Brazil',350000.0, '2018-01-01', '2020-01-01'
'Carlos Daniel Cevada Teixeira','Maritimo','Primeira Liga','1994-07-11',178.0,72.0,'Portugal',375000.0, '2018-01-01', '2020-01-01'
'Diogo Miguel Guedes Almeida','Feirense','Primeira Liga','1998-03-30',173.0,69.0,'Portugal',325000.0, '2018-01-01', '2020-01-01'
'Carlos Reinaldo Moreira Alves','Rio Ave','Primeira Liga','1998-02-19',187.0,80.0,'Portugal',300000.0, '2018-01-01', '2020-01-01'
'André Martins de Sousa','Vitoria de Setubal','Primeira Liga','1998-02-26',174.0,59.0,'Portugal',350000.0, '2018-01-01', '2020-01-01'
'Allef Andrade Rodrigues','Vitoria de Setubal','Primeira Liga','1994-11-04',174.0,72.0,'Brazil',290000.0, '2018-01-01', '2020-01-01'
'Tiago André Araújo Rodrigues','Rio Ave','Primeira Liga','1997-01-18',182.0,70.0,'Portugal',290000.0, '2018-01-01', '2020-01-01'
'Kódjo Alphonse','Feirense','Primeira Liga','1993-05-28',180.0,74.0,'Ivory Coast',250000.0, '2018-01-01', '2020-01-01'
'Silvério Júnio Gonçalves da Silva','Rio Ave','Primeira Liga','1995-12-26',186.0,75.0,'Portugal',290000.0, '2018-01-01', '2020-01-01'
'Dele Alampasu','Feirense','Primeira Liga','1996-12-24',199.0,78.0,'Nigeria',280000.0, '2018-01-01', '2020-01-01'
'Stanley Awurum','Portimonense','Primeira Liga','1990-06-24',185.0,75.0,'Nigeria',170000.0, '2018-01-01', '2020-01-01'
'Victor Emanuel Araújo Ferreira','Rio Ave','Primeira Liga','1997-09-18',180.0,70.0,'Portugal',240000.0, '2018-01-01', '2020-01-01'
'Diogo Guedes Nunes','Boavista','Primeira Liga','1996-11-10',186.0,79.0,'Portugal',240000.0, '2018-01-01', '2020-01-01'
'Miguel Ângelo Moreira Magalhães','Vitoria de Guimaraes','Primeira Liga','1999-04-19',174.0,58.0,'Portugal',180000.0, '2018-01-01', '2020-01-01'
