William Silva de Carvalho,Sporting CP,Portuguese Primeira Liga,1992-04-07,187.0,83.0,Portugal,27500000.0
Danilo Luís Hélio Pereira,FC Porto,Portuguese Primeira Liga,1991-09-09,188.0,83.0,Portugal,27500000.0
Bas Dost,Sporting CP,Portuguese Primeira Liga,1989-05-31,196.0,89.0,Netherlands,27000000.0
Rui Pedro dos Santos Patrício,Sporting CP,Portuguese Primeira Liga,1988-02-15,190.0,84.0,Portugal,17500000.0
Jonas Gonçalves Oliveira,SL Benfica,Portuguese Primeira Liga,1984-04-01,182.0,74.0,Brazil,16500000.0
Iker Casillas Fernández,FC Porto,Portuguese Primeira Liga,1981-05-20,185.0,84.0,Spain,3500000.0
Felipe Augusto de Almeida Monteiro,FC Porto,Portuguese Primeira Liga,1989-05-16,185.0,77.0,Brazil,18000000.0
Luis Miguel Afonso Fernandes,SL Benfica,Portuguese Primeira Liga,1989-10-06,177.0,72.0,Portugal,23000000.0
Yacine Brahimi,FC Porto,Portuguese Primeira Liga,1990-02-08,175.0,66.0,Algeria,23000000.0
Ljubomir Fejsa,SL Benfica,Portuguese Primeira Liga,1988-08-14,183.0,80.0,Serbia,18000000.0
Gelson Dany Batalha Martins,Sporting CP,Portuguese Primeira Liga,1995-05-11,173.0,65.0,Portugal,25000000.0
Sebastián Coates,Sporting CP,Portuguese Primeira Liga,1990-10-07,196.0,92.0,Uruguay,18000000.0
Jesús Corona,FC Porto,Portuguese Primeira Liga,1993-01-06,173.0,62.0,Mexico,23000000.0
Alex Nicolao Telles,FC Porto,Portuguese Primeira Liga,1992-12-15,181.0,71.0,Brazil,16000000.0
Ricardo D. Barbosa Pereira,FC Porto,Portuguese Primeira Liga,1993-10-06,175.0,70.0,Portugal,17000000.0
Alejandro Grimaldo García,SL Benfica,Portuguese Primeira Liga,1995-09-20,171.0,69.0,Spain,17500000.0
Eduardo Salvio,SL Benfica,Portuguese Primeira Liga,1990-07-13,173.0,77.0,Argentina,16000000.0
Iván Marcano Sierra,FC Porto,Portuguese Primeira Liga,1987-06-23,187.0,77.0,Spain,11000000.0
Jardel Nivaldo Vieira,SL Benfica,Portuguese Primeira Liga,1986-03-29,192.0,87.0,Brazil,10000000.0
Jérémy Mathieu,Sporting CP,Portuguese Primeira Liga,1983-10-29,189.0,84.0,France,6000000.0
Júlio César Soares Espíndola,SL Benfica,Portuguese Primeira Liga,1979-09-03,186.0,79.0,Brazil,1000000.0
Francisco Soares dos Santos,FC Porto,Portuguese Primeira Liga,1991-01-17,187.0,82.0,Brazil,15500000.0
Marcos Acuña,Sporting CP,Portuguese Primeira Liga,1991-10-28,172.0,69.0,Argentina,16000000.0
Óliver Torres Muñoz,FC Porto,Portuguese Primeira Liga,1994-11-10,175.0,63.0,Spain,17000000.0
Seydou Doumbia,Sporting CP,Portuguese Primeira Liga,1987-12-31,179.0,71.0,Ivory Coast,12500000.0
Héctor Herrera,FC Porto,Portuguese Primeira Liga,1990-04-19,183.0,72.0,Mexico,14000000.0
Anderson Luís da Silva,SL Benfica,Portuguese Primeira Liga,1981-02-13,195.0,91.0,Brazil,1700000.0
Franco Cervi,SL Benfica,Portuguese Primeira Liga,1994-05-26,166.0,62.0,Argentina,14500000.0
Raúl Michel Melo da Silva,SC Braga,Portuguese Primeira Liga,1989-11-04,187.0,81.0,Brazil,10000000.0
Rodrigo Battaglia,Sporting CP,Portuguese Primeira Liga,1991-07-12,187.0,79.0,Argentina,12500000.0
Rafael A. Ferreira Silva,SL Benfica,Portuguese Primeira Liga,1993-05-17,171.0,66.0,Portugal,14000000.0
Lisandro López,SL Benfica,Portuguese Primeira Liga,1989-09-01,188.0,82.0,Argentina,10000000.0
Alan Ruiz,Sporting CP,Portuguese Primeira Liga,1993-08-19,183.0,77.0,Argentina,14500000.0
Hernâni Jorge Santos Fortes,FC Porto,Portuguese Primeira Liga,1991-08-20,178.0,69.0,Portugal,12500000.0
Iuri José Picanço Medeiros,Sporting CP,Portuguese Primeira Liga,1994-07-10,174.0,64.0,Portugal,14500000.0
Bruno Miguel Borges Fernandes,Sporting CP,Portuguese Primeira Liga,1994-09-08,179.0,69.0,Portugal,14000000.0
Andreas Samaris,SL Benfica,Portuguese Primeira Liga,1989-06-13,189.0,84.0,Greece,8500000.0
Raúl Jiménez,SL Benfica,Portuguese Primeira Liga,1991-05-05,187.0,81.0,Mexico,12500000.0
José Carlos Coentrão Marafona,SC Braga,Portuguese Primeira Liga,1987-05-08,190.0,86.0,Portugal,6500000.0
André Filipe Brás André,FC Porto,Portuguese Primeira Liga,1989-08-26,174.0,65.0,Portugal,10500000.0
Vincent Aboubakar,FC Porto,Portuguese Primeira Liga,1992-01-22,184.0,82.0,Cameroon,13500000.0
Maximiliano Pereira,FC Porto,Portuguese Primeira Liga,1984-06-08,173.0,73.0,Uruguay,4000000.0
Miguel Layún,FC Porto,Portuguese Primeira Liga,1988-06-25,179.0,69.0,Mexico,8000000.0
Diego Reyes,FC Porto,Portuguese Primeira Liga,1992-09-19,189.0,74.0,Mexico,10000000.0
Marcelo dos Santos Ferreira,Rio Ave FC,Portuguese Primeira Liga,1989-07-27,182.0,74.0,Brazil,7500000.0
Bryan Ruíz,Sporting CP,Portuguese Primeira Liga,1985-08-18,188.0,78.0,Costa Rica,8000000.0
André Almeida Pinto,Sporting CP,Portuguese Primeira Liga,1989-10-05,194.0,86.0,Portugal,8500000.0
Andrija Živković,SL Benfica,Portuguese Primeira Liga,1996-07-11,169.0,70.0,Serbia,14000000.0
Bruno Miguel Semedo Varela,SL Benfica,Portuguese Primeira Liga,1994-11-04,191.0,87.0,Portugal,9000000.0
Pedro Henrique Pereira da Silva,Vitória Guimarães,Portuguese Primeira Liga,1992-12-18,190.0,88.0,Brazil,10000000.0
Fábio Alexandre Silva Coentrão,Sporting CP,Portuguese Primeira Liga,1988-03-11,179.0,66.0,Portugal,6500000.0
Ricardo José Araújo Ferreira,SC Braga,Portuguese Primeira Liga,1992-11-25,190.0,76.0,Portugal,10000000.0
Bruno César Zanaki,Sporting CP,Portuguese Primeira Liga,1988-11-03,177.0,75.0,Brazil,9000000.0
Raphael Dias Belloli,Vitória Guimarães,Portuguese Primeira Liga,1996-12-14,176.0,68.0,Brazil,13000000.0
Moussa Marega,FC Porto,Portuguese Primeira Liga,1991-04-14,186.0,83.0,Mali,9500000.0
Otávio Edmilson da Silva Monteiro,FC Porto,Portuguese Primeira Liga,1995-02-09,172.0,71.0,Brazil,12000000.0
Ricardo Jorge da Luz Horta,SC Braga,Portuguese Primeira Liga,1994-09-15,173.0,63.0,Portugal,11000000.0
João Maria Palhinha Gonçalves,Sporting CP,Portuguese Primeira Liga,1995-07-09,190.0,82.0,Portugal,10000000.0
Renan Bardini Bressan,Grupo Desportivo de Chaves,Portuguese Primeira Liga,1988-11-03,182.0,75.0,Belarus,7500000.0
Wilson Bruno Naval Costa Eduardo,SC Braga,Portuguese Primeira Liga,1990-07-08,179.0,73.0,Portugal,8500000.0
Filip Krovinović,SL Benfica,Portuguese Primeira Liga,1995-08-29,175.0,70.0,Croatia,10500000.0
Gabriel Barbosa Almeida,SL Benfica,Portuguese Primeira Liga,1996-08-30,178.0,68.0,Brazil,12000000.0
Dyego Wilverson Ferreira Sousa,SC Braga,Portuguese Primeira Liga,1989-09-14,190.0,83.0,Brazil,8000000.0
Fábio Santos Martins,SC Braga,Portuguese Primeira Liga,1993-07-24,178.0,70.0,Portugal,10500000.0
Douglas Renato de Jesus,Vitória Guimarães,Portuguese Primeira Liga,1983-03-09,188.0,87.0,Brazil,3100000.0
Paolo Hurtado,Vitória Guimarães,Portuguese Primeira Liga,1990-07-27,176.0,72.0,Peru,9000000.0
Daniel Castelo Podence,Sporting CP,Portuguese Primeira Liga,1995-10-21,165.0,58.0,Portugal,11500000.0
Erdem Şen,CS Marítimo,Portuguese Primeira Liga,1989-01-05,180.0,75.0,Belgium,6000000.0
Ricardo José Monteiro,Rio Ave FC,Portuguese Primeira Liga,1983-10-07,188.0,78.0,Portugal,4500000.0
Cristiano Piccini,Sporting CP,Portuguese Primeira Liga,1992-09-26,189.0,79.0,Italy,8500000.0
José Pedro Malheiro de Sá,FC Porto,Portuguese Primeira Liga,1993-01-17,192.0,85.0,Portugal,7500000.0
André Gomes Magalhães Almeida,SL Benfica,Portuguese Primeira Liga,1990-09-10,186.0,80.0,Portugal,7500000.0
Víctor García,Vitória Guimarães,Portuguese Primeira Liga,1994-06-11,178.0,71.0,Venezuela,9000000.0
Fransérgio Rodrigues Barbosa,SC Braga,Portuguese Primeira Liga,1990-10-18,187.0,82.0,Brazil,8000000.0
Jonathan Silva,Sporting CP,Portuguese Primeira Liga,1994-06-29,180.0,75.0,Argentina,7500000.0
Héldon Augusto Almeida Ramos,Vitória Guimarães,Portuguese Primeira Liga,1988-11-14,174.0,66.0,Cape Verde,6500000.0
Francisco Geraldes,Rio Ave FC,Portuguese Primeira Liga,1995-04-18,175.0,67.0,Portugal,10500000.0
André Filipe Luz Horta,SC Braga,Portuguese Primeira Liga,1996-11-07,175.0,70.0,Portugal,10000000.0
Alhassan Wakaso,Vitória Guimarães,Portuguese Primeira Liga,1992-01-07,180.0,76.0,Ghana,7500000.0
Paulo Sérgio Mota,Grupo Desportivo de Chaves,Portuguese Primeira Liga,1991-07-13,175.0,70.0,Portugal,6500000.0
Ahmed Hassan,SC Braga,Portuguese Primeira Liga,1993-03-05,191.0,85.0,Egypt,9000000.0
Nikola Vukčević,SC Braga,Portuguese Primeira Liga,1991-12-13,184.0,76.0,Montenegro,7000000.0
Bruno Daniel Castro Moreira,FC Paços de Ferreira,Portuguese Primeira Liga,1987-09-06,185.0,79.0,Portugal,6500000.0
Ghislain Konan,Vitória Guimarães,Portuguese Primeira Liga,1995-12-27,176.0,71.0,Ivory Coast,8000000.0
Haris Seferović,SL Benfica,Portuguese Primeira Liga,1992-02-22,185.0,85.0,Switzerland,8500000.0
Cássio Albuquerque Anjos,Rio Ave FC,Portuguese Primeira Liga,1980-08-12,186.0,79.0,Brazil,900000.0
Nuno Miguel Sousa Pinto,Vitória Setúbal,Portuguese Primeira Liga,1986-08-06,173.0,65.0,Portugal,4800000.0
Jefferson Nascimento,SC Braga,Portuguese Primeira Liga,1988-07-05,176.0,72.0,Brazil,5500000.0
Salvador José Milhazes Agra,CD Aves,Portuguese Primeira Liga,1991-11-11,166.0,61.0,Portugal,8500000.0
Pedro Filipe Barbosa Moreira,FC Paços de Ferreira,Portuguese Primeira Liga,1992-12-20,170.0,68.0,Portugal,9000000.0
Ricardo Jorge Novo Nunes,Grupo Desportivo de Chaves,Portuguese Primeira Liga,1982-07-06,188.0,84.0,Portugal,2700000.0
Mattheus A. Gama de Oliveira,Sporting CP,Portuguese Primeira Liga,1994-07-07,182.0,76.0,Brazil,9500000.0
Matheus Lima Magalhães,SC Braga,Portuguese Primeira Liga,1992-07-19,187.0,76.0,Brazil,6500000.0
Djavan da Silva Ferreira,Grupo Desportivo de Chaves,Portuguese Primeira Liga,1987-12-31,184.0,76.0,Brazil,5000000.0
Welthon Fiel Sampaio,FC Paços de Ferreira,Portuguese Primeira Liga,1992-06-21,180.0,74.0,Brazil,9000000.0
Radosav Petrović,Sporting CP,Portuguese Primeira Liga,1989-03-08,193.0,78.0,Serbia,4600000.0
Danilo Barbosa da Silva,SC Braga,Portuguese Primeira Liga,1996-02-28,182.0,86.0,Brazil,8000000.0
João Miguel Coimbra Aurélio,Vitória Guimarães,Portuguese Primeira Liga,1988-08-17,182.0,72.0,Portugal,4400000.0
Guillermo Celis,Vitória Guimarães,Portuguese Primeira Liga,1993-05-08,178.0,73.0,Colombia,6500000.0
Marcelo Augusto Ferreira Teixeira,SC Braga,Portuguese Primeira Liga,1987-10-13,176.0,69.0,Brazil,4300000.0
André Geraldes de Barros,CF Os Belenenses,Portuguese Primeira Liga,1991-05-02,181.0,74.0,Portugal,5500000.0
Matheus Fellipe Costa Pereira,Grupo Desportivo de Chaves,Portuguese Primeira Liga,1996-05-05,175.0,66.0,Brazil,9500000.0
Renato João Saleiro Santos,Boavista FC,Portuguese Primeira Liga,1991-10-05,177.0,75.0,Portugal,6500000.0
Fabiano Ribeiro de Freitas,FC Porto,Portuguese Primeira Liga,1988-02-29,197.0,91.0,Brazil,3800000.0
Bruno Alexandre Vieira Almeida,SC Braga,Portuguese Primeira Liga,1997-12-02,179.0,72.0,Portugal,9500000.0
Rúben Tiago Rodrigues Ribeiro,Rio Ave FC,Portuguese Primeira Liga,1987-08-01,175.0,67.0,Portugal,5500000.0
Vasco Herculano Cunha Fernandes,Vitória Setúbal,Portuguese Primeira Liga,1986-11-12,182.0,76.0,Portugal,4200000.0
Filipe Augusto Carvalho Souza,SL Benfica,Portuguese Primeira Liga,1993-08-12,183.0,80.0,Brazil,8000000.0
Paulo Henrique Soares dos Santos,Portimonense SC,Portuguese Primeira Liga,1994-07-10,166.0,58.0,Brazil,8500000.0
Jeferson Fernandes Macedo,Grupo Desportivo de Chaves,Portuguese Primeira Liga,1991-07-17,180.0,70.0,Brazil,6500000.0
Miguel Jesus Rosa,CF Os Belenenses,Portuguese Primeira Liga,1989-01-13,176.0,70.0,Portugal,5500000.0
Jaílton Alves Miranda,Boavista FC,Portuguese Primeira Liga,1989-08-02,181.0,63.0,Cape Verde,6000000.0
Kléber Laube Pinheiro,Estoril Praia,Portuguese Primeira Liga,1990-05-02,187.0,81.0,Brazil,6500000.0
Stefan Ristovski,Sporting CP,Portuguese Primeira Liga,1992-02-12,180.0,72.0,FYR Macedonia,6000000.0
Sérgio Miguel Relvas de Oliveira,FC Porto,Portuguese Primeira Liga,1992-06-02,181.0,72.0,Portugal,7500000.0
Ousmane Dramé,Moreirense FC,Portuguese Primeira Liga,1992-08-25,174.0,70.0,France,7000000.0
Zainadine Chavango Júnior,CS Marítimo,Portuguese Primeira Liga,1988-06-24,178.0,75.0,Mozambique,4400000.0
Fábio Ricardo Gomes Fonseca,Boavista FC,Portuguese Primeira Liga,1985-08-18,171.0,64.0,Portugal,4800000.0
Nélson Ricardo Rodrigues Lenho,CD Aves,Portuguese Primeira Liga,1984-03-22,179.0,75.0,Portugal,2200000.0
Eduardo Gottardi,CS Marítimo,Portuguese Primeira Liga,1985-10-18,193.0,82.0,Brazil,3400000.0
Romain Salin,Sporting CP,Portuguese Primeira Liga,1984-07-29,189.0,76.0,France,3200000.0
Ricardo Sousa Esgaio,SC Braga,Portuguese Primeira Liga,1993-05-16,173.0,68.0,Portugal,6000000.0
Ricardo Jorge Pinto da Silva,FC Paços de Ferreira,Portuguese Primeira Liga,1980-08-19,186.0,78.0,Cape Verde,750000.0
António José Pinheiro Carvalho,Moreirense FC,Portuguese Primeira Liga,1993-01-14,166.0,61.0,Portugal,7500000.0
Carlos Santos Rodrigues,CD Aves,Portuguese Primeira Liga,1995-01-13,183.0,84.0,Cape Verde,4800000.0
Bruno Manuel Araújo Braga,CD Aves,Portuguese Primeira Liga,1983-06-17,181.0,77.0,Portugal,1900000.0
Giorgi Makaridze,Moreirense FC,Portuguese Primeira Liga,1990-03-31,190.0,85.0,Georgia,2700000.0
Douglas Franco Teixeira,Sporting CP,Portuguese Primeira Liga,1988-01-12,192.0,80.0,Netherlands,3100000.0
Ryan Gauld,CD Aves,Portuguese Primeira Liga,1995-12-16,169.0,61.0,Scotland,7000000.0
Clecildo Rafael Martins Ladislau,Vitória Guimarães,Portuguese Primeira Liga,1989-03-17,177.0,73.0,Brazil,4099999.9999999995
André Alexandre Carreira Sousa,CF Os Belenenses,Portuguese Primeira Liga,1990-07-09,181.0,78.0,Portugal,4300000.0
Fábio José Ferreira Pacheco,CS Marítimo,Portuguese Primeira Liga,1988-05-26,180.0,73.0,Portugal,3100000.0
Mateus Galiano da Costa,Boavista FC,Portuguese Primeira Liga,1984-06-19,176.0,75.0,Angola,2400000.0
Idrissa Mandiang,Boavista FC,Portuguese Primeira Liga,1984-12-27,189.0,80.0,Senegal,2300000.0
Muriel Gustavo Becker,CF Os Belenenses,Portuguese Primeira Liga,1987-02-14,190.0,78.0,Brazil,2600000.0
João José Pereira da Costa,Vitória Setúbal,Portuguese Primeira Liga,1992-08-25,170.0,64.0,Portugal,5500000.0
Ronei Gleison Rodrigues Reis,CF Os Belenenses,Portuguese Primeira Liga,1991-06-26,171.0,67.0,Brazil,4700000.0
Vitor Hugo Gomes da Silva,CD Aves,Portuguese Primeira Liga,1987-12-25,183.0,81.0,Portugal,3800000.0
David Martins Simão,Boavista FC,Portuguese Primeira Liga,1990-05-15,183.0,74.0,Portugal,4500000.0
Charles Marcelo da Silva,CS Marítimo,Portuguese Primeira Liga,1994-02-04,186.0,84.0,Brazil,4400000.0
Óscar Estupiñán,Vitória Guimarães,Portuguese Primeira Liga,1996-12-29,182.0,74.0,Colombia,6000000.0
Alberto Bueno Calvo,FC Porto,Portuguese Primeira Liga,1988-03-20,179.0,67.0,Spain,3900000.0
Mauro Silva Sousa,SC Braga,Portuguese Primeira Liga,1990-10-31,177.0,72.0,Brazil,4000000.0
Hassan Yebda,CF Os Belenenses,Portuguese Primeira Liga,1984-05-14,187.0,82.0,Algeria,1600000.0
Fábio Miguel Santos Sturgeon,Vitória Guimarães,Portuguese Primeira Liga,1994-02-04,183.0,76.0,Portugal,5000000.0
Rúben Rafael Sousa Ferreira,Grupo Desportivo de Chaves,Portuguese Primeira Liga,1990-02-17,183.0,67.0,Portugal,3700000.0
Peter Etebo,CD Feirense,Portuguese Primeira Liga,1995-11-09,176.0,70.0,Nigeria,6000000.0
Diogo António Cupido Gonçalves,SL Benfica,Portuguese Primeira Liga,1997-02-06,177.0,71.0,Portugal,7000000.0
Paulo Ricardo de Jesús Machado,CD Aves,Portuguese Primeira Liga,1986-03-31,174.0,74.0,Portugal,3400000.0
Patrick De Oliveira Vieira,Vitória Setúbal,Portuguese Primeira Liga,1991-01-22,173.0,76.0,Brazil,3900000.0
Jacinto Muondo Dala,Sporting CP,Portuguese Primeira Liga,1996-07-13,175.0,65.0,Angola,7000000.0
Arnaldo Edi Lopes da Silva,Vitória Setúbal,Portuguese Primeira Liga,1982-07-07,182.0,75.0,Portugal,2100000.0
Nuno André da Silva Coelho,Grupo Desportivo de Chaves,Portuguese Primeira Liga,1986-01-07,192.0,82.0,Portugal,2700000.0
Tobias Pereira Figueiredo,Sporting CP,Portuguese Primeira Liga,1994-02-02,188.0,84.0,Portugal,3600000.0
André Filipe Claro de Jesus,Estoril Praia,Portuguese Primeira Liga,1991-03-31,183.0,75.0,Portugal,3800000.0
Diego Fortunato dos Santos Queiroz,CD Aves,Portuguese Primeira Liga,1984-01-14,185.0,80.0,Brazil,1300000.0
Bruno Araújo dos Santos,FC Paços de Ferreira,Portuguese Primeira Liga,1993-02-07,183.0,79.0,Brazil,3500000.0
Nuno Miguel Gomes dos Santos,Rio Ave FC,Portuguese Primeira Liga,1995-02-13,179.0,73.0,Portugal,4400000.0
Jorge Costa Pires,Portimonense SC,Portuguese Primeira Liga,1981-04-01,176.0,73.0,Portugal,1100000.0
Adriano Facchini,CD Aves,Portuguese Primeira Liga,1983-03-12,187.0,78.0,Brazil,1300000.0
Ricardo Jorge Oliveira Valente,CS Marítimo,Portuguese Primeira Liga,1991-04-03,181.0,76.0,Portugal,3700000.0
Luís Miguel Coimbra Aurélio,CD Feirense,Portuguese Primeira Liga,1988-08-17,179.0,70.0,Portugal,3100000.0
Gonçalo José Gonçalves Santos,CD Aves,Portuguese Primeira Liga,1986-11-15,184.0,79.0,Portugal,2300000.0
Domingos Sousa Menezes Duarte,Grupo Desportivo de Chaves,Portuguese Primeira Liga,1995-03-03,190.0,78.0,Portugal,3900000.0
Nuno Henrique Gonçalves Nogueira,Boavista FC,Portuguese Primeira Liga,1986-10-19,186.0,75.0,Portugal,2300000.0
Cláudio Pires de Morais Ramos,Tondela,Portuguese Primeira Liga,1991-11-16,183.0,85.0,Portugal,3000000.0
Filipe Miguel Neves Ferreira,FC Paços de Ferreira,Portuguese Primeira Liga,1990-09-09,178.0,72.0,Portugal,3000000.0
Marco João Costa Baixinho,FC Paços de Ferreira,Portuguese Primeira Liga,1989-07-11,187.0,80.0,Portugal,2900000.0
Rafael Henrique Assis Cardoso,SC Braga,Portuguese Primeira Liga,1990-10-31,170.0,61.0,Brazil,3100000.0
José Filipe da Silva Moreira,Estoril Praia,Portuguese Primeira Liga,1982-03-20,185.0,83.0,Portugal,725000.0
José Edgar Andrade da Costa,CS Marítimo,Portuguese Primeira Liga,1987-04-14,177.0,78.0,Portugal,2900000.0
Rafael Garcia Tonioli Defendi,FC Paços de Ferreira,Portuguese Primeira Liga,1983-12-22,191.0,88.0,Brazil,1600000.0
Hélder Tiago Pinto Moura Guedes,Rio Ave FC,Portuguese Primeira Liga,1987-05-07,182.0,76.0,Portugal,3000000.0
Douglas Pereira dos Santos,SL Benfica,Portuguese Primeira Liga,1990-08-06,171.0,60.0,Brazil,2600000.0
Eber Henrique Ferreira de Bessa,CS Marítimo,Portuguese Primeira Liga,1992-03-21,167.0,72.0,Brazil,3800000.0
Vagner da Silva,Boavista FC,Portuguese Primeira Liga,1986-06-06,185.0,79.0,Brazil,1900000.0
Maurides Roque Junior,CF Os Belenenses,Portuguese Primeira Liga,1994-03-10,188.0,77.0,Brazil,4300000.0
João Carlos Vilaça Teixeira,SC Braga,Portuguese Primeira Liga,1993-01-18,177.0,76.0,Portugal,4300000.0
Amilton Minervino da Silva,CD Aves,Portuguese Primeira Liga,1989-08-12,172.0,68.0,Brazil,3300000.0
Nuno Miguel Jerónimo Sequeira,SC Braga,Portuguese Primeira Liga,1990-08-19,184.0,79.0,Portugal,2600000.0
Rafael Furlan Soares,Grupo Desportivo de Chaves,Portuguese Primeira Liga,1994-09-20,177.0,75.0,Brazil,3300000.0
Gonçalo Jardim Brandão,Estoril Praia,Portuguese Primeira Liga,1986-10-09,182.0,76.0,Portugal,2300000.0
João António Antunes Carvalho,SL Benfica,Portuguese Primeira Liga,1997-03-09,170.0,66.0,Portugal,5500000.0
Judilson Mamadu Tuncara Gomes,Rio Ave FC,Portuguese Primeira Liga,1991-09-29,182.0,77.0,Guinea Bissau,3200000.0
Tiago Henrique Damil Gomes,CD Feirense,Portuguese Primeira Liga,1986-07-29,177.0,80.0,Portugal,2200000.0
Ricardo Miguel Moreira Costa,Tondela,Portuguese Primeira Liga,1981-05-16,183.0,80.0,Portugal,425000.0
Tiago Rafael Maia Silva,CD Feirense,Portuguese Primeira Liga,1993-06-02,175.0,68.0,Portugal,4099999.9999999995
Lucas E. Santana de Oliveira,Estoril Praia,Portuguese Primeira Liga,1995-05-06,181.0,79.0,Brazil,3500000.0
Evanildo Fernandes Gomes,CD Aves,Portuguese Primeira Liga,1986-05-01,175.0,63.0,Brazil,2100000.0
Pedro Nuno Fernandes Ferreira,Tondela,Portuguese Primeira Liga,1995-01-13,176.0,68.0,Portugal,3600000.0
Elvis Manuel Monteiro Macedo,CD Feirense,Portuguese Primeira Liga,1985-07-27,180.0,74.0,Cape Verde,2000000.0
Pedro Miguel Pereira Silva,Grupo Desportivo de Chaves,Portuguese Primeira Liga,1988-08-31,182.0,76.0,Portugal,2400000.0
José Lionn Barbosa de Lucena,Rio Ave FC,Portuguese Primeira Liga,1989-01-29,184.0,77.0,Brazil,1900000.0
André Filipe Carneiro Leal,FC Paços de Ferreira,Portuguese Primeira Liga,1995-08-06,174.0,64.0,Portugal,3700000.0
Luis Fariña,CD Aves,Portuguese Primeira Liga,1991-04-20,177.0,72.0,Argentina,2900000.0
João Diogo Gomes de Freitas,CF Os Belenenses,Portuguese Primeira Liga,1988-02-28,175.0,69.0,Portugal,1800000.0
Eduardo José Borges Machado,Boavista FC,Portuguese Primeira Liga,1990-04-26,175.0,67.0,Portugal,2000000.0
João Rafael Brito Teixeira,Vitória Setúbal,Portuguese Primeira Liga,1994-02-06,179.0,72.0,Portugal,3200000.0
João Miguel Macedo da Silva,Vitória Guimarães,Portuguese Primeira Liga,1995-04-07,188.0,78.0,Portugal,2300000.0
Vanderley Dias Marinho,CD Aves,Portuguese Primeira Liga,1987-12-29,183.0,76.0,Brazil,2400000.0
Yannick dos Santos Djaló,Vitória Setúbal,Portuguese Primeira Liga,1986-05-05,171.0,62.0,Portugal,2100000.0
Óscar Barreto,Rio Ave FC,Portuguese Primeira Liga,1993-04-28,173.0,68.0,Colombia,3200000.0
Bruno Alexandre Marques Pereirinha,CF Os Belenenses,Portuguese Primeira Liga,1988-03-02,174.0,67.0,Portugal,1800000.0
Arnold Issoko,Vitória Setúbal,Portuguese Primeira Liga,1992-04-06,185.0,79.0,DR Congo,2400000.0
João Carlos Fonseca Silva,Boavista FC,Portuguese Primeira Liga,1989-08-30,180.0,75.0,Portugal,2000000.0
André Campos Moreira,SC Braga,Portuguese Primeira Liga,1995-12-02,194.0,84.0,Portugal,2600000.0
Sebastián Rincón,Vitória Guimarães,Portuguese Primeira Liga,1994-01-14,185.0,79.0,Colombia,3300000.0
Leonardo Ruíz,Boavista FC,Portuguese Primeira Liga,1996-04-18,185.0,76.0,Colombia,3900000.0
André Filipe Ribeiro Leão,FC Paços de Ferreira,Portuguese Primeira Liga,1985-05-20,185.0,72.0,Portugal,1400000.0
Rafik Halliche,Estoril Praia,Portuguese Primeira Liga,1986-09-02,187.0,77.0,Algeria,1800000.0
Rúben Miguel Santos Fernandes,Portimonense SC,Portuguese Primeira Liga,1986-05-06,185.0,78.0,Portugal,1600000.0
João Pedro Reis Amaral,Vitória Setúbal,Portuguese Primeira Liga,1991-09-07,172.0,65.0,Portugal,2800000.0
Luis Otavio Bonilha de Oliveira,Vitória Setúbal,Portuguese Primeira Liga,1992-02-17,175.0,69.0,Brazil,2900000.0
João Paulo Dias Fernandes,SC Braga,Portuguese Primeira Liga,1992-11-09,187.0,81.0,Portugal,3100000.0
Bakary Saré,CF Os Belenenses,Portuguese Primeira Liga,1990-04-05,185.0,77.0,Burkina Faso,2300000.0
Jubal Rocha Mendes Junior,Vitória Guimarães,Portuguese Primeira Liga,1993-08-29,187.0,80.0,Brazil,2800000.0
Rodrigo Defendi,CD Aves,Portuguese Primeira Liga,1986-06-16,190.0,83.0,Brazil,1600000.0
Vítor Bruno Ramos Gonçalves,Boavista FC,Portuguese Primeira Liga,1990-01-13,171.0,69.0,Portugal,2000000.0
Luís Miguel Lopes Mendes,Estoril Praia,Portuguese Primeira Liga,1987-04-09,170.0,67.0,Portugal,1700000.0
Leocísio Júlio Sami,CD Aves,Portuguese Primeira Liga,1988-12-18,184.0,76.0,Guinea Bissau,2400000.0
Hichem Belkaroui,Moreirense FC,Portuguese Primeira Liga,1990-08-24,185.0,81.0,Algeria,2400000.0
Lazar Rosić,SC Braga,Portuguese Primeira Liga,1993-06-29,190.0,83.0,Serbia,2800000.0
Gabriel Airton de Souza,Rio Ave FC,Portuguese Primeira Liga,1996-03-29,171.0,61.0,Brazil,2600000.0
Carlos Filipe Fonseca Chaby,CF Os Belenenses,Portuguese Primeira Liga,1994-01-22,174.0,64.0,Portugal,2500000.0
Pedro Miguel Cunha Sá,Portimonense SC,Portuguese Primeira Liga,1993-12-01,175.0,70.0,Portugal,2100000.0
Jorge Fernando Barbosa Intima,Grupo Desportivo de Chaves,Portuguese Primeira Liga,1995-09-21,169.0,68.0,Portugal,3100000.0
Alfa Semedo Esteves,Moreirense FC,Portuguese Primeira Liga,1997-08-30,190.0,82.0,Guinea Bissau,2700000.0
João Miguel Ribeiro Vigário,Vitória Guimarães,Portuguese Primeira Liga,1995-11-20,181.0,74.0,Portugal,2100000.0
Bruno Andrade Toledo Nascimento,CD Feirense,Portuguese Primeira Liga,1991-05-30,188.0,80.0,Brazil,1800000.0
Rodrigo Cunha Pereira de Pinho,CS Marítimo,Portuguese Primeira Liga,1991-05-30,185.0,79.0,Brazil,2200000.0
Rui Filipe Caetano Moura,Boavista FC,Portuguese Primeira Liga,1993-03-01,177.0,74.0,Portugal,2000000.0
Victor Andrade Santos,Estoril Praia,Portuguese Primeira Liga,1995-09-30,177.0,70.0,Brazil,2900000.0
Yazalde Gomes Pinto,Rio Ave FC,Portuguese Primeira Liga,1988-09-10,183.0,86.0,Portugal,1800000.0
Rui Pedro da Silva e Sousa,Boavista FC,Portuguese Primeira Liga,1998-03-20,182.0,75.0,Portugal,3800000.0
António Filipe Norinho de Carvalho,Grupo Desportivo de Chaves,Portuguese Primeira Liga,1985-04-14,186.0,79.0,Portugal,1000000.0
Luís Carlos Ramos Martins,CS Marítimo,Portuguese Primeira Liga,1992-06-10,177.0,67.0,Portugal,1900000.0
Willyan Da Silva Barbosa,Vitória Setúbal,Portuguese Primeira Liga,1994-02-17,169.0,62.0,Brazil,2400000.0
Vasco André Moreira da Rocha,FC Paços de Ferreira,Portuguese Primeira Liga,1989-01-29,182.0,70.0,Portugal,1800000.0
Vincent Sasso,CF Os Belenenses,Portuguese Primeira Liga,1991-02-16,190.0,82.0,France,1800000.0
Hugo André Rodrigues Seco,CD Feirense,Portuguese Primeira Liga,1988-06-17,176.0,72.0,Portugal,1700000.0
Ernest Ohemeng,Moreirense FC,Portuguese Primeira Liga,1996-01-17,175.0,65.0,Ghana,2800000.0
Nélson Macedo Monte,Rio Ave FC,Portuguese Primeira Liga,1995-07-30,187.0,78.0,Portugal,2100000.0
David Texeira,Vitória Guimarães,Portuguese Primeira Liga,1991-02-27,181.0,80.0,Uruguay,2200000.0
Diogo Filipe Guerreiro Viana,CF Os Belenenses,Portuguese Primeira Liga,1990-02-22,174.0,68.0,Portugal,1900000.0
Tiago Manuel Oliveira Mesquita,Boavista FC,Portuguese Primeira Liga,1990-11-23,180.0,74.0,Portugal,1800000.0
Gevorg Ghazaryan,CS Marítimo,Portuguese Primeira Liga,1988-04-05,177.0,73.0,Armenia,1700000.0
Pedro Manuel da Silva Moreira,Rio Ave FC,Portuguese Primeira Liga,1989-03-15,182.0,76.0,Portugal,1800000.0
Allano Brendon de Souza Lima,Estoril Praia,Portuguese Primeira Liga,1995-04-24,182.0,73.0,Brazil,2600000.0
Ricardo Jorge Rodrigues Pessoa,Portimonense SC,Portuguese Primeira Liga,1982-02-05,173.0,68.0,Portugal,375000.0
João Carlos Reis Graça,Tondela,Portuguese Primeira Liga,1989-07-02,185.0,77.0,Portugal,1500000.0
André Micael Pereira,Moreirense FC,Portuguese Primeira Liga,1989-02-04,188.0,83.0,Portugal,1400000.0
Higor Inácio Platiny Rodrigues,Grupo Desportivo de Chaves,Portuguese Primeira Liga,1990-10-02,178.0,71.0,Brazil,2100000.0
Flávio da Silva Ramos,CD Feirense,Portuguese Primeira Liga,1994-05-12,190.0,85.0,Brazil,2100000.0
Filipe Joaquim Melo Silva,Grupo Desportivo de Chaves,Portuguese Primeira Liga,1989-11-03,189.0,82.0,Portugal,1700000.0
Arsénio Martins Lafuente Nunes,Moreirense FC,Portuguese Primeira Liga,1989-08-30,180.0,72.0,Portugal,1900000.0
Bruno Viana Willemen Da Silva,SC Braga,Portuguese Primeira Liga,1995-02-05,187.0,79.0,Brazil,2100000.0
Luiz Phellype Luciano Silva,FC Paços de Ferreira,Portuguese Primeira Liga,1993-09-27,188.0,81.0,Brazil,1500000.0
Bruno Vinícius Souza Ramos,Portimonense SC,Portuguese Primeira Liga,1997-03-30,175.0,67.0,Brazil,1600000.0
Edson Rodrigues Farias,CD Feirense,Portuguese Primeira Liga,1992-01-12,170.0,67.0,Brazil,1300000.0
Juan Tomás Ortuño Martínez,CF Os Belenenses,Portuguese Primeira Liga,1992-02-11,178.0,72.0,Spain,1300000.0
Florent Hanin,CF Os Belenenses,Portuguese Primeira Liga,1990-02-04,177.0,65.0,France,975000.0
Pierre Sagna,Moreirense FC,Portuguese Primeira Liga,1990-08-21,183.0,76.0,France,900000.0
Stéphane Sparagna,Boavista FC,Portuguese Primeira Liga,1995-02-17,186.0,82.0,France,1200000.0
Wagner Andrade Borges,Tondela,Portuguese Primeira Liga,1987-04-03,173.0,70.0,Brazil,1000000.0
Mário Jorge Quintas Felgueiras,FC Paços de Ferreira,Portuguese Primeira Liga,1986-12-12,186.0,80.0,Portugal,675000.0
Pedro José da Silva Trigueira,Vitória Setúbal,Portuguese Primeira Liga,1988-01-04,192.0,79.0,Portugal,700000.0
Anastasios Karamanos,Rio Ave FC,Portuguese Primeira Liga,1990-09-21,185.0,78.0,Greece,1300000.0
Hélder José Castro Ferreira,Vitória Guimarães,Portuguese Primeira Liga,1997-04-05,179.0,70.0,Portugal,1600000.0
Luís Miguel Vieira da Silva,FC Paços de Ferreira,Portuguese Primeira Liga,1990-10-08,190.0,80.0,Portugal,1100000.0
Bruno Cristiano Carvalho Santos,CD Feirense,Portuguese Primeira Liga,1984-01-17,179.0,70.0,Portugal,625000.0
Gonçalo Mendes Paciência,Vitória Setúbal,Portuguese Primeira Liga,1994-08-01,184.0,80.0,Portugal,1600000.0
Oriol Rosell Argerich,Portimonense SC,Portuguese Primeira Liga,1992-07-07,182.0,74.0,Spain,1200000.0
Dylan McGowan,FC Paços de Ferreira,Portuguese Primeira Liga,1991-08-06,186.0,80.0,Australia,1100000.0
Rui Jorge Farto Correia,FC Paços de Ferreira,Portuguese Primeira Liga,1990-08-23,188.0,74.0,Portugal,1100000.0
Francisco Neto Ramos,Vitória Guimarães,Portuguese Primeira Liga,1995-04-10,185.0,76.0,Portugal,1700000.0
William Alves de Oliveira,Grupo Desportivo de Chaves,Portuguese Primeira Liga,1991-12-07,182.0,80.0,Brazil,1300000.0
Ruben Alexandre Rocha Lima,Moreirense FC,Portuguese Primeira Liga,1989-10-03,176.0,72.0,Portugal,875000.0
Shoya Nakajima,Portimonense SC,Portuguese Primeira Liga,1994-08-23,164.0,64.0,Japan,1500000.0
Alexandre Costa Silva,Vitória Guimarães,Portuguese Primeira Liga,1997-03-16,177.0,68.0,Portugal,1600000.0
Pedro Miguel Pereira,SL Benfica,Portuguese Primeira Liga,1998-01-22,182.0,72.0,Portugal,1700000.0
Fábio Diogo Agrela Ferreira,CS Marítimo,Portuguese Primeira Liga,1992-07-07,178.0,68.0,Portugal,1200000.0
Marcos Nascimento Teixeira,Rio Ave FC,Portuguese Primeira Liga,1996-06-05,185.0,77.0,Brazil,1400000.0
Jean Sony Alcenat,CD Feirense,Portuguese Primeira Liga,1986-01-23,174.0,67.0,Haiti,700000.0
Rúben Alves Dias,SL Benfica,Portuguese Primeira Liga,1997-05-14,187.0,82.0,Portugal,1600000.0
Felipe Francisco Macedo,Portimonense SC,Portuguese Primeira Liga,1994-03-27,187.0,76.0,Brazil,1200000.0
António Manuel Pereira Xavier,FC Paços de Ferreira,Portuguese Primeira Liga,1992-07-06,176.0,66.0,Portugal,1300000.0
Joan Angel Román Ollè,SC Braga,Portuguese Primeira Liga,1993-05-18,175.0,70.0,Spain,1400000.0
António Manuel Fernandes Mendes,Tondela,Portuguese Primeira Liga,1992-10-23,184.0,84.0,Portugal,1400000.0
Alexandre Garcia Guedes,CD Aves,Portuguese Primeira Liga,1994-02-11,185.0,79.0,Portugal,1600000.0
Yordan Osorio,Tondela,Portuguese Primeira Liga,1994-05-10,189.0,77.0,Venezuela,1300000.0
César Henrique Martins,Vitória Setúbal,Portuguese Primeira Liga,1992-12-28,192.0,83.0,Brazil,1200000.0
Lucas Silva Afonso,Estoril Praia,Portuguese Primeira Liga,1996-03-23,185.0,75.0,Brazil,1300000.0
Joaquim Manuel Sampaio Silva,CD Aves,Portuguese Primeira Liga,1975-11-13,182.0,80.0,Portugal,70000.0
João Miguel da Cunha Teixeira,Vitória Guimarães,Portuguese Primeira Liga,1981-08-19,185.0,85.0,Portugal,250000.0
Mateus da Silva,FC Paços de Ferreira,Portuguese Primeira Liga,1991-08-30,184.0,73.0,Brazil,1100000.0
Pablo Renan dos Santos,CS Marítimo,Portuguese Primeira Liga,1992-03-18,185.0,77.0,Brazil,950000.0
Falaye Sacko,Vitória Guimarães,Portuguese Primeira Liga,1995-05-01,179.0,64.0,Mali,1100000.0
Cristiano Pereira Figueiredo,Vitória Setúbal,Portuguese Primeira Liga,1990-11-29,194.0,88.0,Portugal,750000.0
Jadson Silva de Morais,Portimonense SC,Portuguese Primeira Liga,1991-11-05,186.0,80.0,Brazil,925000.0
Iago Azevedo dos Santos,Moreirense FC,Portuguese Primeira Liga,1992-05-22,188.0,85.0,Brazil,975000.0
Viktor Lundberg,CS Marítimo,Portuguese Primeira Liga,1991-03-24,187.0,79.0,Sweden,1100000.0
Robert Åhman Persson,CF Os Belenenses,Portuguese Primeira Liga,1987-03-26,188.0,84.0,Sweden,675000.0
Bilel Aouacheria,Moreirense FC,Portuguese Primeira Liga,1994-04-02,183.0,74.0,France,1200000.0
Inácio Carneiro dos Santos,Portimonense SC,Portuguese Primeira Liga,1996-01-29,179.0,71.0,Brazil,1200000.0
Leandro de Lima Silva,Rio Ave FC,Portuguese Primeira Liga,1993-09-25,178.0,70.0,Brazil,1200000.0
Ença Fati,Moreirense FC,Portuguese Primeira Liga,1993-08-11,180.0,68.0,Guinea Bissau,1200000.0
José Diogo Dalot Teixeira,FC Porto,Portuguese Primeira Liga,1999-03-18,183.0,71.0,Portugal,1600000.0
Pedro Filipe Rodrigues,Estoril Praia,Portuguese Primeira Liga,1997-05-20,183.0,75.0,Portugal,1500000.0
Rafael Eduardo Costa,Moreirense FC,Portuguese Primeira Liga,1991-01-19,183.0,79.0,Brazil,1100000.0
Vasco António Barbosa da Costa,Vitória Setúbal,Portuguese Primeira Liga,1991-08-08,184.0,78.0,Portugal,1100000.0
Martin Chrien,SL Benfica,Portuguese Primeira Liga,1995-09-08,182.0,72.0,Slovakia,1400000.0
Pedro Emanuel Ferreira Sousa,CS Marítimo,Portuguese Primeira Liga,1990-09-19,174.0,75.0,Portugal,750000.0
Dénis Paulo Duarte,Vitória Guimarães,Portuguese Primeira Liga,1994-05-04,190.0,84.0,Portugal,1000000.0
Fabrício dos Santos Messias,Portimonense SC,Portuguese Primeira Liga,1990-03-28,182.0,75.0,Brazil,1000000.0
José Pedro Azevedo Ferreira,CD Aves,Portuguese Primeira Liga,1987-09-01,180.0,75.0,Portugal,875000.0
Bruno Gomes Oliveira Conceição,Estoril Praia,Portuguese Primeira Liga,1996-07-19,182.0,75.0,Brazil,1600000.0
Marko Bakić,SC Braga,Portuguese Primeira Liga,1993-11-01,185.0,78.0,Montenegro,1200000.0
Miguel Filipe Nunes Cardoso,Tondela,Portuguese Primeira Liga,1994-06-19,176.0,74.0,Portugal,1300000.0
Wenderson Nascimento Galeno,FC Porto,Portuguese Primeira Liga,1997-10-22,182.0,72.0,Brazil,1500000.0
Anderson Conceição Benedito,Grupo Desportivo de Chaves,Portuguese Primeira Liga,1989-10-24,188.0,81.0,Brazil,750000.0
Thiago Cardoso,Estoril Praia,Portuguese Primeira Liga,1991-08-04,185.0,82.0,Brazil,925000.0
Matheus da Cunha Gomes,Estoril Praia,Portuguese Primeira Liga,1996-02-28,170.0,70.0,Brazil,1500000.0
Cristian Arango,CD Aves,Portuguese Primeira Liga,1995-03-09,180.0,78.0,Colombia,1300000.0
Eduardo Antônio Machado Teixeira,Estoril Praia,Portuguese Primeira Liga,1993-06-07,178.0,73.0,Brazil,1200000.0
Tiago Galvão da Silva,Grupo Desportivo de Chaves,Portuguese Primeira Liga,1989-08-24,185.0,78.0,Brazil,925000.0
Ronaldo Peña,Moreirense FC,Portuguese Primeira Liga,1997-03-10,183.0,78.0,Venezuela,1300000.0
Gian dos Santos Martins,FC Paços de Ferreira,Portuguese Primeira Liga,1993-04-02,184.0,74.0,Brazil,1100000.0
Junior Tallo,Vitória Guimarães,Portuguese Primeira Liga,1992-12-21,185.0,77.0,Ivory Coast,1200000.0
Alfredo Kulembe Ribeiro,CF Os Belenenses,Portuguese Primeira Liga,1990-03-27,170.0,68.0,Angola,950000.0
Washington Santana da Silva,CD Aves,Portuguese Primeira Liga,1989-01-20,183.0,79.0,Brazil,725000.0
Luis Henrique Farinhas Taffner,CD Feirense,Portuguese Primeira Liga,1998-03-17,184.0,81.0,Brazil,1400000.0
Bruno Martins Teles,Rio Ave FC,Portuguese Primeira Liga,1986-05-01,183.0,77.0,Brazil,575000.0
Wallyson Teixeira Mallmann,Sporting CP,Portuguese Primeira Liga,1994-02-16,183.0,77.0,Brazil,1300000.0
Hélder Luís Vieira Tavares,Tondela,Portuguese Primeira Liga,1989-12-26,178.0,73.0,Portugal,1000000.0
Gonçalo Filipe Oliveira Silva,CF Os Belenenses,Portuguese Primeira Liga,1991-06-04,185.0,80.0,Portugal,900000.0
Ângelo Pelegrinelli Neto,Moreirense FC,Portuguese Primeira Liga,1991-09-02,181.0,68.0,Brazil,1100000.0
Tiago David Janeiro Caeiro,CF Os Belenenses,Portuguese Primeira Liga,1984-03-29,192.0,84.0,Portugal,575000.0
Luis Felipe Dias do Nascimento,Vitória Setúbal,Portuguese Primeira Liga,1991-04-08,178.0,74.0,Brazil,875000.0
Diego Luiz Siqueira Medeiros,FC Paços de Ferreira,Portuguese Primeira Liga,1993-03-28,187.0,75.0,Brazil,1200000.0
Pedro Miguel Barbosa Queirós,Grupo Desportivo de Chaves,Portuguese Primeira Liga,1984-08-08,180.0,73.0,Portugal,500000.0
Roberto Jesus Machado Beto Alves,CS Marítimo,Portuguese Primeira Liga,1990-01-01,174.0,70.0,Brazil,700000.0
Luís Miguel Vieira Machado,CD Feirense,Portuguese Primeira Liga,1992-11-04,168.0,62.0,Portugal,1000000.0
Wilson Miguéis Manafá Jancó,Portimonense SC,Portuguese Primeira Liga,1994-07-23,174.0,69.0,Portugal,1200000.0
Heliardo Vieira da Silva,Tondela,Portuguese Primeira Liga,1991-12-14,190.0,84.0,Brazil,975000.0
Paulo Jorge Pedro Lopes,SL Benfica,Portuguese Primeira Liga,1978-06-29,184.0,76.0,Portugal,50000.0
Jesús Hernández,CF Os Belenenses,Portuguese Primeira Liga,1993-01-06,182.0,80.0,Venezuela,1000000.0
Marcos André Costa Valente,Vitória Guimarães,Portuguese Primeira Liga,1994-02-04,196.0,90.0,Portugal,900000.0
Jefferson De Jesus Santos,Grupo Desportivo de Chaves,Portuguese Primeira Liga,1993-04-14,192.0,85.0,Brazil,750000.0
José Valencia,CD Feirense,Portuguese Primeira Liga,1991-12-18,185.0,82.0,Colombia,1000000.0
Bruno André Freitas Monteiro,Tondela,Portuguese Primeira Liga,1984-10-05,177.0,72.0,Portugal,575000.0
Ricardo Abel Barbosa Ferreira,Portimonense SC,Portuguese Primeira Liga,1989-12-03,188.0,82.0,Portugal,600000.0
Mateusz Zachara,Tondela,Portuguese Primeira Liga,1990-03-27,180.0,75.0,Poland,825000.0
Abenego Tembeng,Tondela,Portuguese Primeira Liga,1991-09-13,188.0,80.0,Cameroon,800000.0
Alan Eduardo Schons,Moreirense FC,Portuguese Primeira Liga,1993-05-24,180.0,74.0,Brazil,1000000.0
Joaquim Claude Gonçalves Araújo,Tondela,Portuguese Primeira Liga,1994-04-09,174.0,68.0,Portugal,925000.0
Mama Samba Baldé,CD Aves,Portuguese Primeira Liga,1995-11-06,181.0,75.0,Guinea Bissau,975000.0
Miguel Aires Fernandes Olivera,Vitória Guimarães,Portuguese Primeira Liga,1994-05-25,196.0,98.0,Portugal,700000.0
Sueliton Florêncio Nogueira,Vitória Guimarães,Portuguese Primeira Liga,1991-06-26,184.0,78.0,Brazil,775000.0
Robert Murić,SC Braga,Portuguese Primeira Liga,1996-03-12,180.0,72.0,Croatia,1100000.0
Yuri Oliveira Ribeiro,Rio Ave FC,Portuguese Primeira Liga,1997-01-24,175.0,74.0,Portugal,1100000.0
Piqueti Djassi Brito Silva,CS Marítimo,Portuguese Primeira Liga,1993-02-12,173.0,72.0,Guinea Bissau,1000000.0
Fernando Manuel Ferreira Fonseca,Estoril Praia,Portuguese Primeira Liga,1997-03-14,182.0,75.0,Portugal,1100000.0
Sérgio Filipe da Silva Barge,CD Feirense,Portuguese Primeira Liga,1984-01-04,174.0,69.0,Portugal,290000.0
Charalampos Kyriakou,Estoril Praia,Portuguese Primeira Liga,1995-02-09,180.0,74.0,Cyprus,975000.0
Cláudio Falcão Santos,CD Aves,Portuguese Primeira Liga,1994-07-03,170.0,62.0,Brazil,1000000.0
Rafael Leme Amorim,Tondela,Portuguese Primeira Liga,1987-07-30,196.0,85.0,Brazil,600000.0
Tyler Boyd,Tondela,Portuguese Primeira Liga,1994-12-30,170.0,74.0,New Zealand,1000000.0
Iván Bulos,Boavista FC,Portuguese Primeira Liga,1993-05-20,186.0,82.0,Peru,1000000.0
Joel António Soares Ferreira,Estoril Praia,Portuguese Primeira Liga,1992-01-10,180.0,72.0,Portugal,825000.0
Marco António Garcia Pinto,CD Aves,Portuguese Primeira Liga,1988-03-22,181.0,76.0,Portugal,525000.0
José Vítor Moreira Semedo,Vitória Setúbal,Portuguese Primeira Liga,1985-01-11,181.0,80.0,Portugal,450000.0
Luís Carlos Rocha Rodrigues,CD Feirense,Portuguese Primeira Liga,1986-08-13,186.0,85.0,Portugal,575000.0
Chris Willock,SL Benfica,Portuguese Primeira Liga,1998-01-31,178.0,67.0,England,1600000.0
David Dias Resende Bruno,Tondela,Portuguese Primeira Liga,1992-02-14,175.0,69.0,Portugal,675000.0
Robson Januario de Paula,Boavista FC,Portuguese Primeira Liga,1994-02-14,181.0,73.0,Brazil,750000.0
Héctor Quiñones,FC Paços de Ferreira,Portuguese Primeira Liga,1992-03-17,178.0,70.0,Colombia,675000.0
Jorge Samuel Fernandes,Tondela,Portuguese Primeira Liga,1996-01-30,167.0,60.0,Portugal,1000000.0
João Paulo Santos da Costa,FC Porto,Portuguese Primeira Liga,1996-02-02,185.0,78.0,Portugal,800000.0
Bernardo Oliveira Dias,CF Os Belenenses,Portuguese Primeira Liga,1997-01-04,175.0,66.0,Portugal,1000000.0
Antonio Briseño,CD Feirense,Portuguese Primeira Liga,1994-02-05,184.0,72.0,Mexico,725000.0
Bruno Ricardo Valdez Wilson,SC Braga,Portuguese Primeira Liga,1996-12-27,192.0,86.0,Portugal,825000.0
João Vasco Santos de Miranda,Tondela,Portuguese Primeira Liga,1994-12-26,180.0,75.0,Portugal,925000.0
Gildo Lourenço Vilanculos,CS Marítimo,Portuguese Primeira Liga,1995-01-31,171.0,64.0,Mozambique,900000.0
Tomás Martins Podstawski,Vitória Setúbal,Portuguese Primeira Liga,1995-01-30,180.0,72.0,Portugal,900000.0
Abner Felipe Souza de Almeida,Estoril Praia,Portuguese Primeira Liga,1996-05-30,175.0,75.0,Brazil,1000000.0
Aymen Tahar,Boavista FC,Portuguese Primeira Liga,1989-10-02,176.0,70.0,Algeria,550000.0
Pedro Miguel Silva Rocha,CD Aves,Portuguese Primeira Liga,1985-03-06,175.0,72.0,Portugal,350000.0
Pedro Filipe Tinoco Monteiro,Estoril Praia,Portuguese Primeira Liga,1994-01-30,192.0,85.0,Portugal,775000.0
Luís Pedro Pinto Trabulo,Tondela,Portuguese Primeira Liga,1994-08-22,189.0,76.0,Portugal,750000.0
Victor Guilherme Massaia,Grupo Desportivo de Chaves,Portuguese Primeira Liga,1992-02-09,190.0,85.0,Brazil,650000.0
João Pedro Pereira Silva,CD Feirense,Portuguese Primeira Liga,1990-05-21,187.0,77.0,Portugal,750000.0
João Duarte Teixeira Góis,FC Paços de Ferreira,Portuguese Primeira Liga,1990-05-05,174.0,66.0,Portugal,600000.0
José Cleylton Santos,CF Os Belenenses,Portuguese Primeira Liga,1993-03-19,190.0,90.0,Brazil,700000.0
Nick Ansell,Tondela,Portuguese Primeira Liga,1994-02-02,186.0,84.0,Australia,750000.0
Pedro Manuel da Mota Pinto,Vitória Setúbal,Portuguese Primeira Liga,1994-11-08,187.0,78.0,Portugal,700000.0
Diogo Filipe Rocha Costa,Boavista FC,Portuguese Primeira Liga,1995-05-03,169.0,68.0,Portugal,950000.0
Edilson Alberto Sanches Borges,CS Marítimo,Portuguese Primeira Liga,1995-01-17,185.0,79.0,Cape Verde,825000.0
Lucas Possignolo,Portimonense SC,Portuguese Primeira Liga,1994-05-11,185.0,79.0,Brazil,650000.0
Carlos Anastácio Henriques,Portimonense SC,Portuguese Primeira Liga,1993-07-07,185.0,78.0,Portugal,525000.0
Merlin Tandjigora,CF Os Belenenses,Portuguese Primeira Liga,1990-04-06,172.0,68.0,Gabon,450000.0
Manuel David Afonso,Sporting CP,Portuguese Primeira Liga,1994-03-03,185.0,71.0,Angola,750000.0
Assis Giovanaz,Boavista FC,Portuguese Primeira Liga,1989-10-04,187.0,92.0,Brazil,375000.0
Ewerton da Silva Pereira,Portimonense SC,Portuguese Primeira Liga,1992-12-01,179.0,69.0,Brazil,575000.0
Ahmed Sayed,Moreirense FC,Portuguese Primeira Liga,1996-01-10,174.0,67.0,Egypt,825000.0
Chidera Ezeh,Portimonense SC,Portuguese Primeira Liga,1997-10-02,186.0,69.0,Nigeria,775000.0
Davidson da Luz Pereira,Grupo Desportivo de Chaves,Portuguese Primeira Liga,1991-03-05,177.0,70.0,Brazil,575000.0
Diogo Lucas Queirós,FC Porto,Portuguese Primeira Liga,1999-01-05,185.0,80.0,Portugal,850000.0
Jorman Aguilar,Estoril Praia,Portuguese Primeira Liga,1994-09-11,181.0,71.0,Panama,750000.0
Rui Pedro Coimbra Chaves,Tondela,Portuguese Primeira Liga,1990-09-11,189.0,79.0,Portugal,525000.0
Jean Cleber Santos da Silva,CS Marítimo,Portuguese Primeira Liga,1990-04-29,180.0,80.0,Brazil,450000.0
João Filipe Couto Patrão,Grupo Desportivo de Chaves,Portuguese Primeira Liga,1990-01-22,175.0,69.0,Portugal,600000.0
Pedro José Moreira da Silva,Sporting CP,Portuguese Primeira Liga,1997-02-13,189.0,76.0,Portugal,775000.0
Jacob Adebanjo,Vitória Setúbal,Portuguese Primeira Liga,1993-09-05,184.0,78.0,Nigeria,625000.0
Alejandro Rodríguez Gorrín,Boavista FC,Portuguese Primeira Liga,1993-08-01,177.0,70.0,Spain,700000.0
Lumor Agbenyenu,Portimonense SC,Portuguese Primeira Liga,1996-08-10,175.0,70.0,Ghana,850000.0
Everton Nascim. de Mendonça,CS Marítimo,Portuguese Primeira Liga,1993-07-03,186.0,81.0,Brazil,700000.0
Rui Gabriel Pinheiro Vieira,Rio Ave FC,Portuguese Primeira Liga,1991-11-13,189.0,83.0,Portugal,475000.0
Ricardo Baleia Janota,Tondela,Portuguese Primeira Liga,1987-03-10,190.0,86.0,Portugal,350000.0
Mohamed Abarhoun,Moreirense FC,Portuguese Primeira Liga,1989-05-03,187.0,75.0,Morocco,450000.0
João Pedro Salazar da Graça,CD Feirense,Portuguese Primeira Liga,1995-06-18,177.0,70.0,Portugal,775000.0
Francisco Loureiro Afonso,FC Paços de Ferreira,Portuguese Primeira Liga,1997-04-24,176.0,69.0,Portugal,750000.0
Rodrigo Alves Soares,CD Aves,Portuguese Primeira Liga,1992-12-26,176.0,71.0,Brazil,625000.0
Jhonatan Luiz Siqueira,Moreirense FC,Portuguese Primeira Liga,1991-05-08,189.0,79.0,Brazil,450000.0
Nuno Miguel Adro Tomás,CF Os Belenenses,Portuguese Primeira Liga,1995-09-15,184.0,84.0,Portugal,575000.0
Frédéric Ferreira Maciel,Moreirense FC,Portuguese Primeira Liga,1994-03-15,175.0,65.0,Portugal,750000.0
Wesley Dias Dias Claudino,Estoril Praia,Portuguese Primeira Liga,1995-06-22,178.0,68.0,Brazil,650000.0
Ibson Pereira de Melo,CS Marítimo,Portuguese Primeira Liga,1989-10-08,179.0,74.0,Brazil,575000.0
Wilmar Jordán,Grupo Desportivo de Chaves,Portuguese Primeira Liga,1990-10-17,181.0,85.0,Colombia,675000.0
Filipe Santos Oliveira,CS Marítimo,Portuguese Primeira Liga,1994-04-21,193.0,78.0,Portugal,725000.0
Emmanuel Hackman,Portimonense SC,Portuguese Primeira Liga,1995-05-14,187.0,76.0,Ghana,525000.0
Gustavo H. Barbosa Freire,Estoril Praia,Portuguese Primeira Liga,1996-01-11,179.0,70.0,Brazil,675000.0
Luís Carlos Santos Ribeiro,Estoril Praia,Portuguese Primeira Liga,1992-04-19,187.0,81.0,Portugal,425000.0
Ricardo Samuel Cruz Moura,Tondela,Portuguese Primeira Liga,1988-12-14,184.0,76.0,Portugal,325000.0
Christian Neiva Afonso,CD Feirense,Portuguese Primeira Liga,1994-12-10,181.0,74.0,Portugal,675000.0
Ricardo José da Silva Fernandes,CF Os Belenenses,Portuguese Primeira Liga,1994-10-28,193.0,79.0,Portugal,400000.0
Koffi Kouao,Moreirense FC,Portuguese Primeira Liga,1998-05-20,173.0,65.0,Ivory Coast,650000.0
João Guilherme Gonçalves de Sousa,Moreirense FC,Portuguese Primeira Liga,1995-05-13,190.0,78.0,Portugal,625000.0
Ricardo Clarke,Boavista FC,Portuguese Primeira Liga,1992-09-27,180.0,75.0,Panama,600000.0
Diogo Filipe Pinto Leite,FC Porto,Portuguese Primeira Liga,1999-01-23,188.0,73.0,Portugal,850000.0
Awer Mabil,FC Paços de Ferreira,Portuguese Primeira Liga,1995-09-15,179.0,73.0,Australia,700000.0
Fahd Moufi,Tondela,Portuguese Primeira Liga,1996-05-05,175.0,70.0,Morocco,575000.0
Erick de Arruda Serafim,SC Braga,Portuguese Primeira Liga,1997-12-10,173.0,65.0,Brazil,775000.0
Wellington Nascimento Carvalho,Portimonense SC,Portuguese Primeira Liga,1992-11-21,182.0,67.0,Brazil,600000.0
Gustavo Hebling de Aguiar,Portimonense SC,Portuguese Primeira Liga,1996-04-05,173.0,66.0,Brazil,700000.0
Alex Kakuba,CD Feirense,Portuguese Primeira Liga,1991-06-12,177.0,72.0,Uganda,450000.0
João Pedro da Costa Gamboa,CS Marítimo,Portuguese Primeira Liga,1996-08-31,187.0,80.0,Portugal,725000.0
Nikola Maraš,Grupo Desportivo de Chaves,Portuguese Primeira Liga,1997-12-19,186.0,78.0,Serbia,700000.0
Moreto Moro Cassamá,FC Porto,Portuguese Primeira Liga,1998-02-16,165.0,55.0,Portugal,950000.0
Fabricio Santos de Jesus,CS Marítimo,Portuguese Primeira Liga,1992-06-13,177.0,75.0,Brazil,500000.0
Murilo Oliveira de Freitas,Tondela,Portuguese Primeira Liga,1996-05-12,174.0,67.0,Brazil,725000.0
Sandro Rafael Veiga Cunha,Vitória Setúbal,Portuguese Primeira Liga,1992-04-30,166.0,58.0,Portugal,550000.0
Leonardo Navacchio,Portimonense SC,Portuguese Primeira Liga,1992-12-28,189.0,77.0,Brazil,450000.0
André Alexandre Antunes Pedrosa,Vitória Setúbal,Portuguese Primeira Liga,1997-04-12,185.0,70.0,Portugal,725000.0
Caio Gobbo Secco,CD Feirense,Portuguese Primeira Liga,1990-12-22,192.0,88.0,Brazil,375000.0
Sunday Abalo,Rio Ave FC,Portuguese Primeira Liga,1995-05-14,180.0,72.0,Ghana,550000.0
Gustavo Ermel,CD Feirense,Portuguese Primeira Liga,1995-03-29,165.0,64.0,Brazil,700000.0
Gilson Sequeira da Costa,Boavista FC,Portuguese Primeira Liga,1996-09-24,183.0,77.0,Portugal,650000.0
Nuno Alberto Macedo Pereira,Moreirense FC,Portuguese Primeira Liga,1999-05-29,184.0,78.0,Portugal,375000.0
João Tavares Almeida,CD Feirense,Portuguese Primeira Liga,1998-12-12,175.0,70.0,Portugal,575000.0
Raphael Spiegel,Boavista FC,Portuguese Primeira Liga,1992-12-19,196.0,88.0,Switzerland,375000.0
Marcel Alves Pereira,Portimonense SC,Portuguese Primeira Liga,1992-10-16,187.0,79.0,Brazil,425000.0
Theodoros Ryuki Panagopoulos,Portimonense SC,Portuguese Primeira Liga,1995-07-31,179.0,73.0,Japan,600000.0
Michał Miśkiewicz,CD Feirense,Portuguese Primeira Liga,1989-01-20,194.0,92.0,Poland,300000.0
Dener Gomes Clemente,Portimonense SC,Portuguese Primeira Liga,1992-03-13,185.0,76.0,Brazil,450000.0
Diogo Leite de Sousa,Vitória Setúbal,Portuguese Primeira Liga,1993-08-08,176.0,67.0,Portugal,425000.0
Bruno da Silva Fonseca,Moreirense FC,Portuguese Primeira Liga,1992-09-14,180.0,73.0,Brazil,400000.0
Francisco Simões Rodrigues,Vitória Guimarães,Portuguese Primeira Liga,1997-02-27,180.0,73.0,Portugal,525000.0
Filipe José Lima Mendes,CF Os Belenenses,Portuguese Primeira Liga,1985-06-17,194.0,88.0,Portugal,210000.0
Junior Pius,Tondela,Portuguese Primeira Liga,1995-12-20,193.0,86.0,Nigeria,500000.0
José Pedro Costa Leite,CD Feirense,Portuguese Primeira Liga,1997-01-12,175.0,69.0,Portugal,600000.0
Hamdou Elhouni,Grupo Desportivo de Chaves,Portuguese Primeira Liga,1994-02-12,175.0,67.0,Libya,525000.0
Bruno Edgar Silva Almeida,Moreirense FC,Portuguese Primeira Liga,1994-03-18,189.0,77.0,Brazil,475000.0
Eliseu Mendja Soares Cassamá,Rio Ave FC,Portuguese Primeira Liga,1994-02-06,184.0,74.0,Guinea Bissau,425000.0
Raphael Rossi Branco,Boavista FC,Portuguese Primeira Liga,1990-07-25,188.0,84.0,Brazil,350000.0
Dráusio Luis Salia Gil,CS Marítimo,Portuguese Primeira Liga,1991-08-21,188.0,86.0,Brazil,400000.0
Kelechi John,Rio Ave FC,Portuguese Primeira Liga,1998-09-07,186.0,74.0,Nigeria,525000.0
Jhonder Cádiz,Moreirense FC,Portuguese Primeira Liga,1995-07-29,191.0,74.0,Venezuela,550000.0
Cristiano Castro Gomes,CS Marítimo,Portuguese Primeira Liga,1994-08-05,185.0,76.0,Portugal,425000.0
Mile Svilar,SL Benfica,Portuguese Primeira Liga,1999-08-27,188.0,82.0,Belgium,600000.0
Thierry Ramos Graça,Estoril Praia,Portuguese Primeira Liga,1995-01-27,194.0,87.0,Cape Verde,425000.0
Aidi Fulang Xisi,Boavista FC,Portuguese Primeira Liga,1990-12-17,181.0,75.0,China PR,350000.0
João Paulo Silva Pinho,FC Paços de Ferreira,Portuguese Primeira Liga,1992-04-30,185.0,80.0,Portugal,280000.0
Hendrio Araujo da Silva,FC Paços de Ferreira,Portuguese Primeira Liga,1994-05-16,181.0,74.0,Brazil,425000.0
Duarte Beirão Valente,Estoril Praia,Portuguese Primeira Liga,1999-11-02,182.0,75.0,Portugal,600000.0
João Pedro Barradas Novais,Rio Ave FC,Portuguese Primeira Liga,1993-07-10,179.0,73.0,Portugal,400000.0
Aylton Filipe Boa Morte,Estoril Praia,Portuguese Primeira Liga,1993-09-23,182.0,75.0,Portugal,425000.0
André Manuel Nogueira Sousa,FC Paços de Ferreira,Portuguese Primeira Liga,1997-07-16,175.0,67.0,Portugal,475000.0
Amir Abedzadeh,CS Marítimo,Portuguese Primeira Liga,1993-04-26,186.0,86.0,Iran,290000.0
Emanuel Rodrigues Novo,Grupo Desportivo de Chaves,Portuguese Primeira Liga,1992-08-26,191.0,84.0,Portugal,290000.0
Miguel Serrano Romão Lázaro,Vitória Setúbal,Portuguese Primeira Liga,1995-04-24,193.0,79.0,Portugal,300000.0
Pedro Pinho Marques,FC Paços de Ferreira,Portuguese Primeira Liga,1998-03-18,180.0,65.0,Portugal,425000.0
Marco Aurélio Ribeiro Sousa,FC Paços de Ferreira,Portuguese Primeira Liga,1995-01-29,185.0,70.0,Portugal,300000.0
Federico Falcone,CD Aves,Portuguese Primeira Liga,1990-02-21,188.0,79.0,Argentina,325000.0
Rafael Broetto Henrique,CS Marítimo,Portuguese Primeira Liga,1990-08-18,195.0,87.0,Brazil,250000.0
Yusupha Njie,Boavista FC,Portuguese Primeira Liga,1994-01-03,188.0,78.0,Gambia,400000.0
Flavio Medeiros da Silva,Boavista FC,Portuguese Primeira Liga,1996-02-10,177.0,73.0,Brazil,350000.0
Carlos Daniel Cevada Teixeira,CS Marítimo,Portuguese Primeira Liga,1994-07-11,178.0,72.0,Portugal,375000.0
Diogo Miguel Guedes Almeida,CD Feirense,Portuguese Primeira Liga,1998-03-30,173.0,69.0,Portugal,325000.0
Carlos Reinaldo Moreira Alves,Rio Ave FC,Portuguese Primeira Liga,1998-02-19,187.0,80.0,Portugal,300000.0
André Martins de Sousa,Vitória Setúbal,Portuguese Primeira Liga,1998-02-26,174.0,59.0,Portugal,350000.0
Allef Andrade Rodrigues,Vitória Setúbal,Portuguese Primeira Liga,1994-11-04,174.0,72.0,Brazil,290000.0
Tiago André Araújo Rodrigues,Rio Ave FC,Portuguese Primeira Liga,1997-01-18,182.0,70.0,Portugal,290000.0
Kódjo Alphonse,CD Feirense,Portuguese Primeira Liga,1993-05-28,180.0,74.0,Ivory Coast,250000.0
Silvério Júnio Gonçalves da Silva,Rio Ave FC,Portuguese Primeira Liga,1995-12-26,186.0,75.0,Portugal,290000.0
Dele Alampasu,CD Feirense,Portuguese Primeira Liga,1996-12-24,199.0,78.0,Nigeria,280000.0
Stanley Awurum,Portimonense SC,Portuguese Primeira Liga,1990-06-24,185.0,75.0,Nigeria,170000.0
Victor Emanuel Araújo Ferreira,Rio Ave FC,Portuguese Primeira Liga,1997-09-18,180.0,70.0,Portugal,240000.0
Diogo Guedes Nunes,Boavista FC,Portuguese Primeira Liga,1996-11-10,186.0,79.0,Portugal,240000.0
Miguel Ângelo Moreira Magalhães,Vitória Guimarães,Portuguese Primeira Liga,1999-04-19,174.0,58.0,Portugal,180000.0
